Database,Schema,ObjectNaam,ObjectType
thas_Analytics,dbo,View_Levering,VIEW
BI_PRD_Metadata,Audit,View_Audit_Packages,VIEW
BI_PRD_DWH,dbo,View_Datum_SchoolYearToDate,VIEW
BI_PRD_DWH,dbo,View_DimProjectStructuur,VIEW
BI_PRD_DWH,dbo,View_DimCrmAccount,VIEW
BI_PRD_DWH,dbo,FctOnderwijsTweetaligVO,VIEW
BI_PRD_DWH,dbo,View_Boekenlijst_Response_Historisch,VIEW
BI_PRD_DWH,dbo,View_AanbestedingsRelatieNummers,VIEW
BI_PRD_DWH,dbo,View_AanbestedingsDigiDeliveryID,VIEW
BI_PRD_DWH,dbo,View_RelatieHierachie,VIEW
BI_PRD_DWH,dbo,View_LeerbehoefteLocatiePotentieel_Zuiver,VIEW
BI_PRD_DWH,dbo,View_QueryVK_NU_VRGBO,VIEW
BI_PRD_DWH,dbo,View_ActiviteitenDoor,VIEW
BI_PRD_DWH,dbo,View_DimArtikelType,VIEW
BI_PRD_DWH,dbo,View_QueryVK_DatumNU,VIEW
BI_PRD_DWH,dbo,View_DimLeerbehoefte,VIEW
BI_PRD_DWH,dbo,View_Bellijst,VIEW
BI_PRD_DWH,dbo,View_Contact_Adres,VIEW
BI_PRD_DWH,dbo,View_FctBoekenlijst_VO_Methode_2017,VIEW
BI_PRD_DWH,dbo,View_DimGeneriekMethode,VIEW
BI_PRD_DWH,dbo,View_Boekenlijst_Response,VIEW
BI_PRD_DWH,dbo,View_DimCrmAccountKort,VIEW
BI_PRD_DWH,dbo,View_Carmel_VK,VIEW
BI_PRD_DWH,dbo,View_Carmel_Doelgroep,VIEW
BI_PRD_DWH,dbo,View_FctVerkoopkans_2016_2017_NU,VIEW
BI_PRD_DWH,dbo,View_Opleidingen,VIEW
BI_PRD_DWH,dbo,View_Boekenlijst_Response_laatste,VIEW
BI_PRD_DWH,dbo,FctOnderwijsLeerjaarLeerbehoefteMethode_VO,VIEW
BI_PRD_DWH,dbo,View_DimRelatie_Locaties,VIEW
BI_PRD_DWH,dbo,View_Connection,VIEW
BI_PRD_DWH,dbo,View_ConnectionBestContact,VIEW
BI_PRD_DWH,dbo,View_ConnectionContactLabel,VIEW
BI_PRD_DWH,dbo,View_ContactsDirectie,VIEW
BI_PRD_DWH,dbo,View_QueryVK_NU_VRGVO,VIEW
BI_PRD_DWH,dbo,View_Account360_bkl_2020_EAN,VIEW
BI_PRD_DWH,dbo,FctOnderwijsLeerjaarLeerbehoefteMethode_PO,VIEW
BI_PRD_DWH,dbo,View_DimAanbestedingRelatie,VIEW
BI_PRD_SA,dbo,View_ProductInfo,VIEW
BI_PRD_DWH,dbo,View_Leerbehoefte_SA,VIEW
BI_PRD_DWH,dbo,View_QueryOnderwerp,VIEW
BI_PRD_DWH,dbo,View_Account360_map,VIEW
BI_PRD_DWH,dbo,View_DatumBestelSchooljaar,VIEW
BI_PRD_DWH,dbo,View_DimDatum3P,VIEW
BI_PRD_DWH,dbo,View_DimDatum,VIEW
BI_PRD_DWH,dbo,View_DimGrootBoekNiveau,VIEW
BI_PRD_DWH,dbo,View_dmDimContactPersoon,VIEW
BI_PRD_DWH,dbo,View_Doelen_Backward,VIEW
BI_PRD_DWH,dbo,View_Doelen_VerdelingAccounts_details,VIEW
BI_PRD_DWH,dbo,View_BackWardBegroting,VIEW
BI_PRD_DWH,dbo,View_Doelen_FctVerkoopkansVerdelingWK38,VIEW
BI_PRD_DWH,dbo,View_Doelen,VIEW
BI_PRD_DWH,dbo,View_DoelgroepData,VIEW
BI_PRD_DWH,dwh,OrganisatiesDuoActueel,VIEW
BI_PRD_DWH,dbo,View_EmailLijst,VIEW
BI_PRD_DWH,dbo,View_ExamenBundel_PDC,VIEW
BI_PRD_DWH,dbo,View_FctOrder,VIEW
BI_PRD_DWH,dbo,View_Boekenlijst_Response_Historisch_Pivot,VIEW
BI_PRD_DWH,dbo,View_FctBoekenlijst_Methode_Doelgroep,VIEW
BI_PRD_DWH,dbo,View_FctBoekenlijst_PO_Methode_2017_VK,VIEW
BI_PRD_DWH,dbo,View_FctSchoolLeerbehoefte,VIEW
BI_PRD_DWH,dbo,View_FctBoekenlijst_PO_TaaSpe_2021,VIEW
BI_PRD_DWH,dbo,View_FctBoekingYtd,VIEW
BI_PRD_DWH,dbo,View_Snappet,VIEW
BI_PRD_DWH,dbo,View_FctOnderwijs,VIEW
BI_PRD_DWH,dbo,View_FctOnderwijsLeerjaarLeerbehoefte,VIEW
BI_PRD_DWH,dbo,FctOnderwijsLeerjaarLeerbehoefteMethode_TSH,VIEW
BI_PRD_DWH,dbo,View_FctVerkoopkans_tbv_upload_VO,VIEW
BI_PRD_DWH,dbo,View_FctOrder_ART_LB_Locatie_Persoon_alg,VIEW
BI_PRD_DWH,dbo,View_ProductInfo,VIEW
BI_PRD_DWH,dbo,View_FctOrder_Examenbundels,VIEW
BI_PRD_DWH,dbo,View_FctOrder_BEX_LB,VIEW
BI_PRD_DWH,dbo,View_DimWeek,VIEW
BI_PRD_DWH,dbo,View_FctOrder_BEX_PRFLIC_TWE_20160101,VIEW
BI_PRD_DWH,dbo,View_FctOrder_ZZ_PRFLIC_TVNU_20160101,VIEW
BI_PRD_DWH,dbo,View_FctProjectAnalyse_reporting,VIEW
BI_PRD_DWH,dbo,View_Weken_CommercieleRapportage_Yago,VIEW
BI_PRD_DWH,dbo,View_FctVerkoopkans_2015_2016_reporting,VIEW
BI_PRD_DWH,dbo,View_Weken_CommercieleAnalyse,VIEW
BI_PRD_DWH,dbo,View_Weken_Nu,VIEW
BI_PRD_DWH,dbo,View_Weken_CommercieleRapportage,VIEW
BI_PRD_DWH,dbo,View_FctVerkoopkans_2016_2017_reporting,VIEW
BI_PRD_DWH,dbo,View_FctVerkoopkans_2016_2017_reporting_inclusief,VIEW
BI_PRD_DWH,dbo,View_FctVerkoopkans_2016_2017_Reporting_som_groei,VIEW
BI_PRD_DWH,dbo,View_FctVerkoopkans_2015_2016_Reporting_som_groei,VIEW
BI_PRD_DWH,dbo,View_FctVerkoopkans_2016_2017_reporting_WK30,VIEW
BI_PRD_DWH,dbo,View_Weken_CommercieleRapportage_tbv_patroon_yago,VIEW
BI_PRD_DWH,dbo,View_FctVerkoopkans,VIEW
BI_PRD_DWH,dbo,View_FctActiviteitLaatstBijVK,VIEW
BI_PRD_DWH,dbo,View_FctActiviteitBijVK,VIEW
BI_PRD_DWH,dbo,View_Finance_WBLE_maand,VIEW
BI_PRD_DWH,dbo,View_Finance_WB_Maand,VIEW
BI_PRD_DWH,dbo,View_Finance_LE_Maand,VIEW
BI_PRD_DWH,dbo,View_gebruiksaandelenVO_SMI_Sandbox,VIEW
BI_PRD_DWH,dbo,View_InhoudDB_aantal,VIEW
BI_PRD_DWH,dbo,View_InhoudDB_JobsSteps,VIEW
BI_PRD_DWH,dm,View_VerkoopkansWeekActiviteiten,VIEW
BI_PRD_DWH,dbo,View_LeadsTest,VIEW
BI_PRD_DWH,dbo,View_QueryVK_NU_VRG,VIEW
BI_PRD_DWH,dbo,View_LeerbehoefteOnderwijs,VIEW
BI_PRD_DWH,dbo,View_QueryVK_DatumEIND_20200813,VIEW
BI_PRD_DWH,dbo,View_Datum_licenties,VIEW
BI_PRD_DWH,dbo,View_Matrix_BKL_2016,VIEW
BI_PRD_DWH,dbo,View_Matrix_BKL_2015,VIEW
BI_PRD_DWH,dbo,View_Matrix_BKL_2017,VIEW
BI_PRD_DWH,dbo,View_Persoon_School,VIEW
BI_PRD_DWH,dbo,View_questionnaire,VIEW
BI_PRD_DWH,dbo,View_FctOrder_ART_LB_Locatie_Persoon_2021KlantenPO,VIEW
BI_PRD_DWH,dbo,View_Order_vs_Verkoopkans,VIEW
BI_PRD_DWH,dbo,View_FctBoekenlijst_EAN_Platform,VIEW
BI_PRD_DWH,dbo,view_FctVerkoopkans_2016_2017_NU_afgerondeKeus,VIEW
BI_PRD_DWH,dbo,View_FctBoekenlijst_extra,VIEW
BI_PRD_DWH,dbo,View_FctBoekenlijst_Methode_2021,VIEW
BI_PRD_DWH,dbo,View_FctBoekenlijst_Methode_2019,VIEW
BI_PRD_DWH,dbo,View_FctBoekenlijst_Methode_2020,VIEW
BI_PRD_DWH,dbo,View_FctBoekenlijst_Methode_2016,VIEW
BI_PRD_DWH,dbo,View_FctBoekenlijst_Methode_2015,VIEW
BI_PRD_DWH,dbo,View_FctBoekenlijst_Methode_2018,VIEW
BI_PRD_DWH,dbo,View_FctBoekenlijst_Methode_2017,VIEW
BI_PRD_DWH,dbo,View_PlatformVO_LangeTermijn,VIEW
BI_PRD_DWH,dbo,View_FctBoekenlijst_Methode_2014,VIEW
BI_PRD_DWH,dbo,View_FctVerkoopkans_switch,VIEW
BI_PRD_DWH,dbo,View_FctBoekenlijst_Methode_2013,VIEW
BI_PRD_DWH,dbo,View_Gebruik_PO_historie,VIEW
BI_PRD_DWH,dbo,View_DimGrootBoek,VIEW
BI_PRD_DWH,dbo,View_ProjectAnalyse,VIEW
BI_PRD_DWH,dbo,View_LeadEigenaar,VIEW
BI_PRD_DWH,dbo,View_QueryVK_DatumVRG,VIEW
BI_PRD_DWH,dbo,View_QueryVK_DatumNU_YAGO,VIEW
BI_PRD_DWH,dbo,View_QueryVK_DatumVRG_YAGO,VIEW
BI_PRD_DWH,dbo,View_Doelen_Totaal,VIEW
BI_PRD_DWH,dbo,View_Rapportage_Doelen,VIEW
BI_PRD_DWH,dbo,View_DimRelatie_Bestuur_Fake,VIEW
BI_PRD_DWH,dbo,View_DimRelatie_Locaties_Fake,VIEW
BI_PRD_DWH,dbo,View_DimRelatie_Scholen_Fake,VIEW
BI_PRD_DWH,dbo,View_Weken_CommercieleRapportage2,VIEW
BI_PRD_DWH,dbo,View_ReportVKS,VIEW
BI_PRD_DWH,dbo,View_DoelenRelatief,VIEW
BI_PRD_DWH,dbo,View_ReportVK,VIEW
BI_PRD_DWH,dbo,View_DimArtikelKort,VIEW
BI_PRD_DWH,dbo,View_Targets,VIEW
BI_PRD_DWH,dbo,View_smiDimHoofdmethode,VIEW
BI_PRD_DWH,dbo,View_Status_TOV_Target,VIEW
BI_PRD_DWH,dbo,View_Status_TOV_Target_Dynamisch,VIEW
BI_PRD_DWH,dbo,View_FctVerkoopkans_BackwardPlanning_BO_bak,VIEW
BI_PRD_DWH,dbo,View_svsfactbook_SMI_Sandbox,VIEW
BI_PRD_DWH,dbo,View_PO_VV,VIEW
BI_PRD_DWH,dbo,View_Verkoopkans_GWTW,VIEW
BI_PRD_DWH,dbo,View_licenties_Docenten_Actueel,VIEW
BI_PRD_DWH,dbo,View_licenties_tbv_Gebruik,VIEW
BI_PRD_DWH,dbo,View_licenties_tbv_Gebruik_methode,VIEW
BI_PRD_DWH,dbo,View_FctVerkoopkans_2015_2016_Reporting_som,VIEW
BI_PRD_DWH,dbo,View_FctVerkoopkans_2016_2017_Reporting_fase_VK,VIEW
BI_PRD_DWH,dbo,View_FctVerkoopkans_2016_2017_Reporting_fase_VK_NU_VS_VR_Type,VIEW
BI_PRD_DWH,dbo,View_FctVerkoopkans_2016_2017_Reporting_som,VIEW
BI_PRD_DWH,dbo,View_Webpower_Clicks2VK,VIEW
SMI_SandBox,dbo,View_Leerbehoefte,VIEW
SMI_SandBox,dbo,View_Marktbewerking_PO_00033_Taal,VIEW
SMI_SandBox,dbo,View_Kansen_Onderwijstype,VIEW
SMI_SandBox,dbo,View_Kansen_Algemeen,VIEW
SMI_SandBox,dbo,View_BRINREL_Carmel,VIEW
SMI_SandBox,dbo,View_BrinVO,VIEW
SMI_SandBox,dbo,View_BRINREL_Carmel_NL,VIEW
SMI_SandBox,tps,View_TLinks,VIEW
SMI_SandBox,tps,View_TLinks_PBI,VIEW
SMI_SandBox,dbo,View_EOB_MarktMatrix_EmailLijst_Response,VIEW
SMI_SandBox,dbo,View_EOB1Activering,VIEW
SMI_SandBox,dbo,View_EOB2GebruikMSP,VIEW
SMI_SandBox,dbo,View_EOB3Vouchers,VIEW
SMI_SandBox,dbo,View_EOB_CC_Door,VIEW
SMI_SandBox,wpr,View_AccountFinder,VIEW
SMI_SandBox,dbo,View_EOB_FCLijst_join,VIEW
SMI_SandBox,scr,View_Door_pdf_adressen,VIEW
SMI_SandBox,dbo,View_PO_MO_Lic,VIEW
SMI_SandBox,dbo,View_FctLicenties_ProefLicenties,VIEW
SMI_SandBox,lic,View_Fctlicenties_proeflicenties,VIEW
SMI_SandBox,dbo,View_QueryVKPO_BEX,VIEW
SMI_SandBox,smi,View_QueryVKPO_BEX,VIEW
SMI_SandBox,fnl,Events,VIEW
SMI_SandBox,smi,Events,VIEW
SMI_SandBox,dbo,View_Webinar,VIEW
SMI_SandBox,dbo,View_NT2Licenties,VIEW
LA,tps,View_TLinks_PBI,VIEW
SMI_SandBox,dbo,View_DocentToegang_Markt,VIEW
SMI_SandBox,dbo,View_DoelgroepRegio,VIEW
SMI_SandBox,dbo,View_GA_decomp2_ytd,VIEW
SMI_SandBox,dbo,View_GA_decomp,VIEW
SMI_Sandbox,dbo,View_SelectArtikelNummersEOB,VIEW
BI_PRD_DWH,dbo,View_Servicing_CCCD,VIEW
SMI_SandBox,dbo,View_Specificaties_Activeringen,VIEW
SMI_SandBox,dbo,View_Activity_Route88,VIEW
SMI_SandBox,dbo,View_Activity_Annotation,VIEW
SMI_SandBox,dbo,View_Activity_Incident,VIEW
SMI_SandBox,dbo,View_Activity_Opportunity,VIEW
SMI_SandBox,dbo,View_Activity_proeflesAanvraag,VIEW
SMI_SandBox,dbo,View_Activering_Licentie_Toegang_proef,VIEW
SMI_SandBox,dbo,View_TouchpointsContact,VIEW
SMI_SandBox,dbo,View_Activity_SalesOrder,VIEW
SMI_SandBox,dbo,View_Activity_Opportunity_KBAccount,VIEW
SMI_SandBox,dbo,View_Activering_Licentie_proef,VIEW
SMI_SandBox,dbo,View_FctLicenties_PBI,VIEW
SMI_SandBox,dbo,View_FctLicenties_Activering_per_Week,VIEW
SMI_SandBox,dbo,View_FctLicenties_actueel,VIEW
SMI_SandBox,dbo,View_VO_MinimaleMethodeTermijn,VIEW
SMI_SandBox,dbo,View_QueryVKPO,VIEW
SMI_SandBox,dbo,View_OmzetQuery,VIEW
SMI_SandBox,bkl,VoorlopigeBoekenlijst,VIEW
SMI_SandBox,dbo,View_Brin_Duo,VIEW
SMI_SandBox,dbo,View_KlantBepaling_met_invoer,VIEW
SMI_SandBox,dbo,View_JBP_Iddink,VIEW
SMI_SandBox,dbo,View_Basis_VK_Behoud_VO_2018,VIEW
BI_PRD_DWH,dbo,View_Fctlicenties_ProefLicenties,VIEW
SMI_SandBox,dbo,View_Activiteit,VIEW
SMI_SandBox,dbo,View_ActiviteitDatum,VIEW
SMI_SandBox,dbo,View_AboVDE,VIEW
SMI_SandBox,dbo,View_ABO_VDE_BKL,VIEW
SMI_SandBox,dbo,View_ICTCoordinator,VIEW
SMI_SandBox,dbo,View_AccountEducationTypeTabel,VIEW
SMI_SandBox,dbo,View_Activering_Licentie,VIEW
SMI_SandBox,dbo,View_Activeringen_per_School_per_Methode,VIEW
BI_PRD_DWH,dbo,View_FctOrder_ART_LB_Locatie_Persoon,VIEW
SMI_SandBox,dbo,View_Basis_voor_DoelgroepData_Algemeen_2020,VIEW
SMI_SandBox,dbo,View_LicentiesActueelDocentenVO_Aanhef,VIEW
SMI_SandBox,dbo,View_Doelgroep_obv_businessfunction_methodegebruik_BO,VIEW
SMI_SandBox,dbo,View_LicentiesActueelDocentenBO_Aanhef,VIEW
SMI_SandBox,dbo,View_CoronaTussenhandel,VIEW
SMI_SandBox,dbo,View_Basis_voor_DoelgroepData_Algemeen_2020_2,VIEW
SMI_SandBox,wpr,View_response_los,VIEW
SMI_SandBox,dbo,View_BackwardPercentage,VIEW
SMI_SandBox,dbo,View_BackWardCRM,VIEW
SMI_SandBox,dbo,View_Basis_voor_NT2,VIEW
SMI_SandBox,dbo,View_Basis_VK_Intro,VIEW
SMI_SandBox,dbo,View_Basis_VK_Small,VIEW
SMI_SandBox,dbo,View_Basis_VK_Uitstel,VIEW
SMI_SandBox,dbo,View_Basis_VK_Behoud_VO,VIEW
SMI_SandBox,dbo,View_Gewonnen_VK,VIEW
SMI_SandBox,dbo,View_basis_voor_VK_Mixed20170222,VIEW
SMI_SandBox,dbo,View_ProfielenMixed,VIEW
SMI_SandBox,dbo,View_Basis_voor_VK_TIE,VIEW
SMI_SandBox,dbo,View_Doelgroep_Mixed_klantenobv_lic,VIEW
SMI_SandBox,dbo,View_Basis_voor_VK_VO_Overstap,VIEW
SMI_SandBox,dbo,View_FctLicenties_actueel_Zilla_GD,VIEW
SMI_SandBox,dbo,View_basis_voor_VK_Taalverhaal,VIEW
SMI_SandBox,dbo,View_Basis_voor_Bex_Taalverhaal,VIEW
SMI_SandBox,dbo,View_Bellijst_selectieVK_PO_Basis,VIEW
SMI_SandBox,dbo,View_Bellijst_selectieVK_Samba,VIEW
SMI_SandBox,dbo,View_FctLicenties_actueel_PO_TIE,VIEW
SMI_SandBox,dbo,View_FctLeerbehoefte_Locatie_Leerjaar_ICT,VIEW
SMI_SandBox,dbo,View_Bellijst_selectieVK_PO_TVAT,VIEW
SMI_SandBox,dbo,View_Gebruik_LJ_Engels_PO,VIEW
SMI_SandBox,dbo,View_brinMBO,VIEW
SMI_SandBox,dbo,View_CPI_PackageStream,VIEW
BI_DEV_DWH,dbo,View_CrossSelectiePO,VIEW
SMI_SandBox,dbo,View_ZichtzendingPO,VIEW
SMI_SandBox,dbo,View_DatabaseOverzicht,VIEW
SMI_SandBox,dbo,View_Bellijst_selectieVK_PO_20161005,VIEW
SMI_SandBox,dbo,View_SelectieVK_VO_20170221Mixed,VIEW
SMI_SandBox,dbo,View_Aanhef_per_Email,VIEW
SMI_SandBox,dbo,View_EindExamenCijfers,VIEW
SMI_SandBox,dbo,View_ELM_ILM,VIEW
SMI_SandBox,dbo,View_EmailAssu,VIEW
SMI_SandBox,dbo,View_EmailLic,VIEW
SMI_SandBox,dbo,View_licentie_EAN_CPI_Stream,VIEW
SMI_SandBox,dbo,View_EOB_lijstenFC,VIEW
SMI_SandBox,dbo,View_EOB_MarktMatrix,VIEW
SMI_SandBox,dbo,View_EOB_VouchersNaarEmail_Door,VIEW
SMI_SandBox,scr,View_Door_pdf_email,VIEW
SMI_SandBox,wpr,View_response,VIEW
SMI_SandBox,dbo,View_EOB_MarktMatrix_EmailLijst,VIEW
SMI_SandBox,dbo,View_EOB3b_Vouchers,VIEW
SMI_SandBox,dbo,View_EOB_Activering_PRF,VIEW
SMI_SandBox,dbo,View_EOB_MarktMatrix_EmailLijst_FC_Join,VIEW
SMI_SandBox,dbo,View_EOB1Inwisseling,VIEW
SMI_SandBox,scr,View_Door_pdf,VIEW
SMI_SandBox,dbo,View_EOB3Vouchers_nietGeactiveerd,VIEW
SMI_SandBox,dbo,View_ExamenCijferGemiddelde,VIEW
SMI_SandBox,dbo,View_FctLicenties_actueel_Salz,VIEW
SMI_SandBox,dbo,View_FctGebruikersPerSchool,VIEW
SMI_SandBox,dbo,View_SelectArtikelNummers,VIEW
SMI_SandBox,dbo,View_FctLicenties_actueel_big4,VIEW
SMI_SandBox,dbo,View_ELM_ILM_Schoolniveau,VIEW
SMI_SandBox,dbo,View_FctVoucher,VIEW
SMI_SandBox,dbo,View_FctVoucher_Licentie,VIEW
SMI_SandBox,dbo,View_FunnelSegment,VIEW
SMI_SandBox,dbo,View_DoelenFunnel,VIEW
SMI_SandBox,dbo,View_FunnelPOEngelsWPRAccounts,VIEW
SMI_SandBox,dbo,View_FunnelPOEngelsContactWPR,VIEW
SMI_SandBox,dbo,View_FunnelPOEngelsContacts,VIEW
SMI_SandBox,dbo,View_FunnelPOEngels,VIEW
SMI_SandBox,dbo,View_GA_Chapters2,VIEW
SMI_SandBox,dbo,View_GWTW_ActivityPointer,VIEW
SMI_SandBox,tps,View_ICTBFC,VIEW
SMI_SandBox,dbo,View_Iddink_LRNVersneld,VIEW
SMI_SandBox,dbo,View_ImpactLeads,VIEW
SMI_SandBox,dbo,View_LearnbeatOrders,VIEW
SMI_SandBox,dbo,View_Licentie_naar_gebruik_ATOL_licentieniveau,VIEW
SMI_SandBox,dbo,View_Licentie_naar_Leerbehoefte,VIEW
SMI_SandBox,dbo,View_FctOrder_ART_LB_Locatie_Persoon,VIEW
SMI_SandBox,dbo,View_RecentEditionGebruik_benchmark,VIEW
SMI_SandBox,wpr,View_LosseUpload,VIEW
SMI_SandBox,wpr,View_Afmelders,VIEW
SMI_sandbox,dbo,View_BestellersActiveerdersMaart,VIEW
SMI_SandBox,dbo,View_LicentiesActueel_DWH_Magister,VIEW
SMI_SandBox,dbo,View_VoucherBestelling,VIEW
SMI_SandBox,dbo,View_MatrixSpecificaties_EBF,VIEW
SMI_SandBox,dbo,View_MatrixSpecificaties_IBF,VIEW
SMI_SandBox,dbo,View_VoucherSpecificatiesEBF,VIEW
SMI_SandBox,dbo,View_VoucherSpecificatiesIBF,VIEW
SMI_SandBox,dbo,View_MaxScholenDocenten,VIEW
SMI_SandBox,dbo,View_MaxScholenDirectie,VIEW
SMI_SandBox,tus,View_MBOLijst2017,VIEW
SMI_SandBox,dbo,View_Megabak,VIEW
SMI_SandBox,dbo,View_MSP_BrinIssue,VIEW
SMI_SandBox,dbo,View_MSP_BrinIssue_Bestuur,VIEW
SMI_SandBox,dbo,View_AlleKlanten_VO,VIEW
SMI_SandBox,dbo,View_EOBVoucherBestellers,VIEW
SMI_SandBox,dbo,View_questionnaire,VIEW
SMI_SandBox,tps,View_Organisation_digideliveryID,VIEW
SMI_SandBox,dbo,View_Bellijst_selectie_PO_ProActief_Engels_alle_switch,VIEW
SMI_SandBox,dbo,View_Licenties_PBI_PO_Groep_LJ,VIEW
SMI_SandBox,dbo,View_CTA_Last_ZZ,VIEW
SMI_SandBox,dbo,View_LeadsRolf20182019,VIEW
SMI_SandBox,dbo,View_PushBex,VIEW
SMI_SandBox,dbo,View_QueryVKBO,VIEW
SMI_SandBox,dbo,View_R_Gebruik_PO,VIEW
SMI_SandBox,wpr,View_WPContactID,VIEW
SMI_SandBox,dbo,View_SchooltasKlanten,VIEW
SMI_SandBox,dbo,View_SchooltasKlantenOrders,VIEW
SMI_SandBox,dbo,View_selectieVK_VO_Contact,VIEW
SMI_SandBox,dbo,View_TabellenFormules,VIEW
SMI_SandBox,dbo,View_BKL_Iddink_LatePakketten,VIEW
LA,tps,View_TLinks,VIEW
SMI_SandBox,dbo,View_TouchPointsAfspraken,VIEW
SMI_SandBox,dbo,View_TouchPointsAfspraken_Accounts,VIEW
SMI_SandBox,dbo,View_TVKTDG_VO_ZM,VIEW
SMI_SandBox,dbo,View_VKplatform_kerst,VIEW
SMI_SandBox,dbo,View_VO_TitelTermijn,VIEW
SMI_SandBox,dbo,View_VoucherDistributeurActiveringen,VIEW
SMI_SandBox,dbo,View_FctVoucher_Order,VIEW
BI_PRD_SA,dbo,View_Aanbest,VIEW
BI_PRD_SA,dbo,View_SectorOpleiding,VIEW
LA,ds,tps_producten,VIEW
LA,ds,vw_tps_lic_alle,VIEW
LA,ds,tps_scholen,VIEW
LA,dbo,View_GroeiStats_UUE_Content_Account_CRMAccount_last,VIEW
LA,dbo,View_GroeiStats_UUE_Methode_Account_CRMAccount_last,VIEW
LA,dbo,View_GAEdition_URL_decompositie,VIEW
LA,dbo,View_DocentActivityByweek,VIEW
LA,dbo,View_MigratieMSP_frequenties,VIEW
LA,ds,View_NoClaimRapport_A,VIEW
LA,dwh,Stats,VIEW
LA,ds,View_Stats_Weekly_methode,VIEW
LA,dbo,View_DimWeek_data4wkn,VIEW
LA,dbo,View_DimWeek_data12wkn,VIEW
LA,dbo,View_DimWeek_data1wkn,VIEW
LA,ds,View_URL_Decomp,VIEW
LA,ds,tps_accounts,VIEW
LA,ds,tps_tlinklicenties,VIEW
LA,dbo,View_UserUsesMethod_UID_Reference,VIEW
LA,dbo,View_UUE_UID_Reference,VIEW
LA,dbo,View_EAN,VIEW
LA,ref,View_DigiDelivery_RelatieLocatie_All,VIEW
LA,dbo,View_D05_Tlinks_Active,VIEW
LA,dbo,View_D04_Tlinks_Available,VIEW
LA,dbo,View_Ooit_lastwk,VIEW
LA,dbo,View_Digidelivery_relatieCheck,VIEW
LA,rls,View_RelatieHierarchie,VIEW
LA,ref,View_DigiDelivery_RelatieLocatie,VIEW
LA,dbo,View_Organisation_RelatieNummer,VIEW
LA,dbo,View_LeerjaarMappingAlle,VIEW
LA,dbo,View_EOB_MSP,VIEW
LA,dbo,ID_Chapters,VIEW
LA,dbo,ID_exercises,VIEW
LA,dbo,ID_items,VIEW
LA,dbo,ID_Paragraphs,VIEW
LA,dbo,View_content_reference,VIEW
LA,dbo,View_ContentClicks,VIEW
LA,rls,View_ContractCompositie,VIEW
LA,dbo,View_ServiceTegoed_Brin_EAN,VIEW
LA,dbo,View_ServiceTegoed_checks,VIEW
LA,dbo,View_ServiceTegoed_zusters,VIEW
LA,dbo,View_Stat2Rel,VIEW
LA,ds,vw_tps_Statistics_DigiDelivery_all,VIEW
LA,ds,View_WhoID,VIEW
LA,dbo,View_ThiemoData,VIEW
LA,ds,vw_tps_lic_profile_breed_alle,VIEW
LA,rls,LA_vw_tps_lic_relnr,VIEW
LA,dbo,View_StatisticsTBVAanlog,VIEW
LA,ds,vw_tps_statistics_weekly,VIEW
thas_Gebruik,dbo,View_UserGroupBrin_DirectLeveren,VIEW
thas_Gebruik,dbo,View_Klassen,VIEW
thas_Gebruik,dbo,View_MauWiCoDepth4,VIEW
thas_Gebruik,dbo,View_ThasMethodeStructuur,VIEW
thas_Gebruik,dbo,View_MauStream,VIEW
thas_Gebruik,dbo,View_StreamsEdition6,VIEW
thas_Gebruik,dbo,View_StreamsEdition,VIEW
thas_Gebruik,dbo,View_MethodeContent,VIEW
thas_Gebruik,dbo,View_MethodeCourse,VIEW
thas_Gebruik,dbo,View_MauAttempts,VIEW
CRMOnline,dbo,MethodeIDCode,VIEW
CRMOnline,dbo,View_CustomerVoice,VIEW
CRMOnline,dbo,View_questionnaire,VIEW
CRMOnline,dbo,View_questionnaire_reponse,VIEW
CRMOnline,dbo,View_SyncCheck,VIEW
thas_Analytics,dbo,View_DAUPA_Thip,VIEW
thas_Analytics,dbo,view_levering1,VIEW
thas_Analytics,dbo,View_Pit_dau_per_stream,VIEW
thas_Analytics,dbo,View_wau_per_stream_with_content_DR,VIEW
BI_PRD_Metadata,dbo,AuditAreas,VIEW
BI_PRD_Metadata,Audit,Laadtijd_Area,VIEW
BI_PRD_Metadata,Audit,Laadtijd_Area_kj,VIEW
BI_PRD_Metadata,dbo,View_Audit_packages_dagbasis,VIEW
BI_PRD_Metadata,Audit,View_Audit_Packages_kj,VIEW
BI_PRD_Metadata,dbo,View_ETL_Package_Overzicht,VIEW
BI_PRD_DWH,dbo,Check_View_FctOrder_Bex_LB,VIEW
BI_PRD_DWH,dbo,Dev_FctboekenlijstEAN,VIEW
BI_PRD_DWH,dbo,Dev_FctboekenlijstMethode,VIEW
BI_PRD_DWH,dbo,Dev_FctProjectReport,VIEW
BI_PRD_DWH,dbo,Dev_FctProjectReport_origineel,VIEW
BI_PRD_DWH,dbo,DubbeleAccounts,VIEW
BI_PRD_DWH,dwh,DuoHierarchie,VIEW
BI_PRD_DWH,dbo,View_AanbestedingLocaties,VIEW
BI_PRD_DWH,dbo,View_AanbestedingsDigiDeliveryID_RelatieNummer,VIEW
BI_PRD_DWH,dbo,View_AantalProfielen,VIEW
BI_PRD_DWH,dbo,View_Account_met_postcode,VIEW
BI_PRD_DWH,dbo,View_Account360_bkl,VIEW
BI_PRD_DWH,dbo,View_Account360_bkl_2019,VIEW
BI_PRD_DWH,dbo,View_Account360_bkl_2020,VIEW
BI_PRD_DWH,dbo,View_Account360_bkl_2020_EAN_BO,VIEW
BI_PRD_DWH,dbo,View_Account360_bkl_2020_Methode,VIEW
BI_PRD_DWH,dbo,View_Account360_bkl_VO,VIEW
BI_PRD_DWH,dbo,View_AccountBegrotingBO,VIEW
BI_PRD_DWH,dbo,View_ActiviteitenDoorUitgeslotenContactpersonen,VIEW
BI_PRD_DWH,dbo,View_aflopende_afkoop,VIEW
BI_PRD_DWH,dbo,View_aflopende_afkoop_inc2014,VIEW
BI_PRD_DWH,dbo,View_aflopende_afkoop_inc2015,VIEW
BI_PRD_DWH,dbo,View_aflopende_afkoop_inc2016,VIEW
BI_PRD_DWH,dbo,View_ArtikelMethodeCodeExtern,VIEW
BI_PRD_DWH,dbo,View_artikelproject,VIEW
BI_PRD_DWH,dbo,View_BedrijfsFuncties_Door,VIEW
BI_PRD_DWH,dbo,View_BelContacten,VIEW
BI_PRD_DWH,dbo,View_BelContactenBO,VIEW
BI_PRD_DWH,dbo,View_BelFormat,VIEW
BI_PRD_DWH,dbo,View_BelLijst_Algemeen,VIEW
BI_PRD_DWH,dbo,View_Bex_Control,VIEW
BI_PRD_DWH,dbo,View_BFC_VO,VIEW
BI_PRD_DWH,dbo,View_BKL_perAccount,VIEW
BI_PRD_DWH,dbo,View_Boekenlijst_aanlevering,VIEW
BI_PRD_DWH,dbo,View_Boekenlijst_BO_EAN,VIEW
BI_PRD_DWH,dbo,View_Boekenlijst_BO_EAN_Project,VIEW
BI_PRD_DWH,dbo,View_Boekenlijst_BO_EAN_WELZIJN,VIEW
BI_PRD_DWH,dbo,View_Boekenlijst_MBO_EAN,VIEW
BI_PRD_DWH,dbo,View_Carmel_BFC,VIEW
BI_PRD_DWH,dbo,View_Carmel_ID,VIEW
BI_PRD_DWH,dbo,View_check_vechtdal,VIEW
BI_PRD_DWH,dbo,view_checkbkl_ean_levering,VIEW
BI_PRD_DWH,dbo,View_CheckBKLAlfa,VIEW
BI_PRD_DWH,dbo,View_checkeanbkl,VIEW
BI_PRD_DWH,dbo,View_CheckLeerjaarMethode,VIEW
BI_PRD_DWH,dbo,View_CheckMethodeVerkoop,VIEW
BI_PRD_DWH,dbo,View_Checks_BKL_Mixed,VIEW
BI_PRD_DWH,dbo,View_Checks_LL,VIEW
BI_PRD_DWH,dbo,View_Checks_VO_BKL,VIEW
BI_PRD_DWH,dbo,View_Checks_VO_BKL_ALTERNATIEF,VIEW
BI_PRD_DWH,dbo,View_Checks_VO_BKL_EAN,VIEW
BI_PRD_DWH,dbo,View_Checks_VO_BKL_JL,VIEW
BI_PRD_DWH,dbo,View_CheckVerkoopkansen,VIEW
BI_PRD_DWH,dbo,View_CheckVerkoopkansenEAN,VIEW
BI_PRD_DWH,dbo,View_ClickSelection,VIEW
BI_PRD_DWH,dbo,View_Connected_Contacts_VK,VIEW
BI_PRD_DWH,dbo,View_ConnectionBestContact_upload,VIEW
BI_PRD_DWH,dbo,View_ConnectionResultaat,VIEW
BI_PRD_DWH,dbo,View_Contact_Special,VIEW
BI_PRD_DWH,dbo,View_Contacts_BFC_DIR_ICT,VIEW
BI_PRD_DWH,dbo,View_Contacts_Docenten,VIEW
BI_PRD_DWH,dbo,View_ContactsDirectieAdres,VIEW
BI_PRD_DWH,dbo,View_Copy_Rules_VO,VIEW
BI_PRD_DWH,dbo,View_CorrigeerVerkoopkans,VIEW
BI_PRD_DWH,dbo,View_CRMGebruik,VIEW
BI_PRD_DWH,dbo,View_CrossSelectiePO,VIEW
BI_PRD_DWH,dbo,View_Datum_licenties_interval,VIEW
BI_PRD_DWH,dbo,View_DG,VIEW
BI_PRD_DWH,dbo,View_DG_VO,VIEW
BI_PRD_DWH,dbo,View_DimAanbestedingBestuur,VIEW
BI_PRD_DWH,dbo,View_DimAccountEigenaar,VIEW
BI_PRD_DWH,dbo,View_DimArtikel,VIEW
BI_PRD_DWH,dbo,View_DimArtikel_schoon,VIEW
BI_PRD_DWH,rls,View_DimArtikelType,VIEW
BI_PRD_DWH,dbo,View_DimArtikelType_verkeerd,VIEW
BI_PRD_DWH,dbo,View_DimContacts,VIEW
BI_PRD_DWH,dbo,View_DimCrmAccount_NoScribe,VIEW
BI_PRD_DWH,dbo,View_DimCrmAccountLRNline,VIEW
BI_PRD_DWH,dbo,View_DimDatum3P_onder,VIEW
BI_PRD_DWH,dbo,View_DimDatumActiviteit,VIEW
BI_PRD_DWH,dbo,View_DimDatumOnder,VIEW
BI_PRD_DWH,dbo,View_DimDatumOnder_AlleJaren,VIEW
BI_PRD_DWH,dbo,View_DimDatumOnderLic,VIEW
BI_PRD_DWH,dbo,View_DimDoelgroep,VIEW
BI_PRD_DWH,dbo,View_DimEigenaar,VIEW
BI_PRD_DWH,dbo,View_DimEigenaarIssue,VIEW
BI_PRD_DWH,dbo,View_DimGeneriekMethodeOud,VIEW
BI_PRD_DWH,dbo,View_DimHoofdSchool,VIEW
BI_PRD_DWH,dbo,View_DimLeerbehoefte_Mailgroep,VIEW
BI_PRD_DWH,dbo,View_DimLocatie,VIEW
BI_PRD_DWH,dbo,View_DimMethodeMarkt,VIEW
BI_PRD_DWH,dbo,View_DimRelatie_Bestuur,VIEW
BI_PRD_DWH,dbo,View_DimRelatie_kort,VIEW
BI_PRD_DWH,rls,View_DimRelatie_Locaties,VIEW
BI_PRD_DWH,dbo,View_DimRelatie_Locaties_TLN_VO,VIEW
BI_PRD_DWH,dbo,View_DimRelatie_Pilot,VIEW
BI_PRD_DWH,dbo,View_DimRelatie_Scholen,VIEW
BI_PRD_DWH,dbo,View_Directie_VO,VIEW
BI_PRD_DWH,dbo,View_DirectLeveren,VIEW
BI_PRD_DWH,dbo,View_DirectLeveren_Factuurregels,VIEW
BI_PRD_DWH,dbo,View_DirectLeveren_Factuurregels_AlleKlanten,VIEW
BI_PRD_DWH,dbo,View_DirectLeveren_Factuurregels_AlleKlanten_obv_Orders,VIEW
BI_PRD_DWH,dbo,View_DirectLeveren_Factuurregels_SIVON,VIEW
BI_PRD_DWH,dbo,View_dmDimContactPersoonPrive,VIEW
BI_PRD_DWH,dbo,View_dmDimContactPersoonZakelijk,VIEW
BI_PRD_DWH,dbo,View_DocentAantallen,VIEW
BI_PRD_DWH,dbo,View_DocentCRM_MBO,VIEW
BI_PRD_DWH,dbo,View_DocentCRM_PO,VIEW
BI_PRD_DWH,dbo,View_DocentCRM_VO,VIEW
BI_PRD_DWH,dbo,View_DocentMappingToegang,VIEW
BI_PRD_DWH,dbo,View_Doelen_VerdelingAccounts,VIEW
BI_PRD_DWH,dbo,View_Doelen_YAGO,VIEW
BI_PRD_DWH,dbo,View_Doelgroep_vs_Licentie,VIEW
BI_PRD_DWH,dbo,View_DoelgroepOudeMethodes,VIEW
BI_PRD_DWH,dbo,View_DuoBestuur,VIEW
BI_PRD_DWH,dbo,View_EmailLijst_met_doelgroep,VIEW
BI_PRD_DWH,dbo,View_EmailLijst_met_doelgroep_DigV,VIEW
BI_PRD_DWH,dbo,View_EOB,VIEW
BI_PRD_DWH,dbo,View_ExamenBoekenlijst,VIEW
BI_PRD_DWH,dbo,View_FactuurDetails,VIEW
BI_PRD_DWH,dbo,View_FactuurDetails_afzetHBO,VIEW
BI_PRD_DWH,dbo,View_FactuurDetails_afzetMBO,VIEW
BI_PRD_DWH,dbo,View_FactuurDetails_afzetPO,VIEW
BI_PRD_DWH,dbo,View_FactuurDetails_afzetVO,VIEW
BI_PRD_DWH,dbo,View_FactuurDetails_Examenbundel,VIEW
BI_PRD_DWH,dbo,View_FactuurDetails_ExternSysteem,VIEW
BI_PRD_DWH,dbo,View_FactuurDetails_FeniksKaternen,VIEW
BI_PRD_DWH,dbo,View_FactuurDetails_Got,VIEW
BI_PRD_DWH,dbo,View_FactuurDetails_MBO Zorg,VIEW
BI_PRD_DWH,dbo,View_FactuurDetails_NT2,VIEW
BI_PRD_DWH,dbo,View_FactuurDetails_tbvLevertijd,VIEW
BI_PRD_DWH,dbo,View_FctBoekenlijst_EAN,VIEW
BI_PRD_DWH,dbo,View_FctBoekenlijst_EAN_HBO,VIEW
BI_PRD_DWH,dbo,View_FctBoekenlijst_EAN_InclFonds,VIEW
BI_PRD_DWH,dbo,View_FctBoekenlijst_EAN_JL,VIEW
BI_PRD_DWH,dbo,View_FctBoekenlijst_EAN_Mix,VIEW
BI_PRD_DWH,dbo,View_FctBoekenlijst_EAN_PBI,VIEW
BI_PRD_DWH,dbo,View_FctBoekenlijst_EAN_ROC,VIEW
BI_PRD_DWH,dbo,View_FctBoekenlijst_EAN_Salz,VIEW
BI_PRD_DWH,dbo,View_FctBoekenlijst_Locatie_leerjaar,VIEW
BI_PRD_DWH,dbo,View_FctBoekenlijst_MBO_Methode_2017,VIEW
BI_PRD_DWH,dbo,View_FctBoekenlijst_MBO_Methode_2017_engels,VIEW
BI_PRD_DWH,dbo,View_FctBoekenlijst_Methode,VIEW
BI_PRD_DWH,dbo,View_FctBoekenlijst_Methode_2022,VIEW
BI_PRD_DWH,dbo,View_FctBoekenlijst_Methode_Doelgroep_LMC,VIEW
BI_PRD_DWH,dbo,View_FctBoekenlijst_Methode_Doelgroep_LRNLine,VIEW
BI_PRD_DWH,dbo,View_FctBoekenlijst_Methode_LearnBeat,VIEW
BI_PRD_DWH,dbo,View_FctBoekenlijst_Methode_LL_MBO,VIEW
BI_PRD_DWH,dbo,View_FctBoekenlijst_Methode_LL_MBO_oud,VIEW
BI_PRD_DWH,dbo,View_FctBoekenlijst_Methode_PO,VIEW
BI_PRD_DWH,dbo,View_FctBoekenlijst_Methode_ROC,VIEW
BI_PRD_DWH,dbo,View_FctBoekenlijst_PO_Engels_2020,VIEW
BI_PRD_DWH,dbo,View_FctBoekenlijst_PO_REK_2020,VIEW
BI_PRD_DWH,dbo,View_FctBoekenlijst_PO_TaaSpe,VIEW
BI_PRD_DWH,dbo,View_FctBoekenlijst_PO_TaaSpe_2020,VIEW
BI_PRD_DWH,dbo,View_FctBoekenlijst_PO_TaaSpe_2021_b,VIEW
BI_PRD_DWH,dbo,View_FctBoekenLijst2020,VIEW
BI_PRD_DWH,dbo,View_FctBoekingJaar,VIEW
BI_PRD_DWH,dbo,View_FctBoekingMnd,VIEW
BI_PRD_DWH,dbo,View_FctBoekingYtd_reporting_som,VIEW
BI_PRD_DWH,dbo,View_FctFactuurdetails,VIEW
BI_PRD_DWH,dbo,View_FctLeadsBijVK,VIEW
BI_PRD_DWH,dbo,View_FctLeadsPerweek,VIEW
BI_PRD_DWH,dbo,View_FctLicenties_Licenties_per_artikel,VIEW
BI_PRD_DWH,dbo,View_FctOnderwijs_dm,VIEW
BI_PRD_DWH,dbo,View_FctOnderwijs_LL,VIEW
BI_PRD_DWH,dbo,View_FctOnderwijs_PO,VIEW
BI_PRD_DWH,dbo,View_FctOnderwijs_Relatief,VIEW
BI_PRD_DWH,dbo,View_FctOnderwijsBoekenlijstBO,VIEW
BI_PRD_DWH,dbo,View_FctOnderwijsLeerBehoefte,VIEW
BI_PRD_DWH,dbo,View_FctOnderwijsLeerjaarLeerbehoefteMethode_TSH_Upload,VIEW
BI_PRD_DWH,dbo,View_FctOnderwijsLeerjaarLeerbehoefteMethode_Upload_PO,VIEW
BI_PRD_DWH,dbo,View_FctOnderwijsLeerjaarLeerbehoefteMethode_Upload_VO,VIEW
BI_PRD_DWH,rls,View_FctOrder_ART_LB_Bestuur,VIEW
BI_PRD_DWH,dbo,View_FctOrder_ART_LB_Bestuur,VIEW
BI_PRD_DWH,dbo,View_FctOrder_ART_LB_Bestuur_DLK,VIEW
BI_PRD_DWH,dbo,View_FctOrder_ART_LB_Bestuur_RLS,VIEW
BI_PRD_DWH,dbo,View_FctOrder_ART_LB_Locatie_Persoon_2020,VIEW
BI_PRD_DWH,dbo,View_FctOrder_ART_LB_Locatie_Persoon_2021Klanten,VIEW
BI_PRD_DWH,dbo,View_FctOrder_ART_LB_Locatie_Persoon_AFKOOP_PO,VIEW
BI_PRD_DWH,dbo,View_FctOrder_ART_LB_Locatie_Persoon_Digitaal2019,VIEW
BI_PRD_DWH,dbo,View_FctOrder_ART_LB_Locatie_Persoon_Funnel,VIEW
BI_PRD_DWH,dbo,View_FctOrder_ART_LB_Locatie_Persoon_NT2,VIEW
BI_PRD_DWH,dbo,View_FctOrder_ART_LB_Locatie_Persoon_NT2_CODEIJSB,VIEW
BI_PRD_DWH,dbo,View_FctOrder_ART_LB_Locatie_Persoon_NT2_Zebra,VIEW
BI_PRD_DWH,dbo,View_FctOrder_BestellendePersonen,VIEW
BI_PRD_DWH,dbo,View_FctOrder_Bex_LB_Locatie_persoon,VIEW
BI_PRD_DWH,dbo,View_FctOrder_BEX_LB_MBW,VIEW
BI_PRD_DWH,dbo,View_FctOrder_Bex_LB_reporting,VIEW
BI_PRD_DWH,dbo,View_FctOrder_Bex_LB_reporting_aanvraagwk,VIEW
BI_PRD_DWH,dbo,View_FctOrder_Bex_Personen,VIEW
BI_PRD_DWH,dbo,View_FctOrder_Carmel,VIEW
BI_PRD_DWH,dbo,View_FctOrder_DirecteLevering,VIEW
BI_PRD_DWH,dbo,View_FctOrder_FunnelStatus_Bex_LB,VIEW
BI_PRD_DWH,dbo,View_FctOrder_Logistiek,VIEW
BI_PRD_DWH,dbo,View_FctOrder_MBO_Lead_Engels,VIEW
BI_PRD_DWH,dbo,View_FctOrder_PO_Lead,VIEW
BI_PRD_DWH,dbo,View_FctOrder_Taalverhaal,VIEW
BI_PRD_DWH,dbo,View_FctOrder_tbvLevertijd,VIEW
BI_PRD_DWH,dbo,View_FctOrder_ZZ_na_20160101,VIEW
BI_PRD_DWH,dbo,View_FctOrder_ZZ_na_20180801,VIEW
BI_PRD_DWH,dbo,View_FctProjectAnalyse_reporting_cumulatief,VIEW
BI_PRD_DWH,dbo,View_FctProjectLogistiekPrognose,VIEW
BI_PRD_DWH,dbo,View_FctProjectLogistiekWerkelijk,VIEW
BI_PRD_DWH,dbo,View_FctProjectReport,VIEW
BI_PRD_DWH,dbo,View_FctProjectReport_PBI,VIEW
BI_PRD_DWH,dbo,View_FctProjectReportCumulatief,VIEW
BI_PRD_DWH,dbo,View_FctSchoolLeerbehoefteNT2,VIEW
BI_PRD_DWH,dbo,View_FctTakenBijVK,VIEW
BI_PRD_DWH,dbo,View_FctVerkoopkans_2016_2017,VIEW
BI_PRD_DWH,dbo,View_FctVerkoopkans_2016_2017_analyse,VIEW
BI_PRD_DWH,dbo,View_FctVerkoopkans_2016_2017_NU_lead,VIEW
BI_PRD_DWH,dbo,View_FctVerkoopkans_2016_2017_reporting_account,VIEW
BI_PRD_DWH,dbo,View_FctVerkoopkans_2016_2017_reporting_BO_aanpassing,VIEW
BI_PRD_DWH,dbo,View_FctVerkoopkans_2016_2017_reporting_bup20180322,VIEW
BI_PRD_DWH,dbo,View_FctVerkoopkans_2016_2017_Reporting_fase_VK_NU_VS_VR,VIEW
BI_PRD_DWH,dbo,View_FctVerkoopkans_2016_2017_reporting_som_groei_yago,VIEW
BI_PRD_DWH,dbo,View_FctVerkoopkans_2016_2017_Reporting_som_type,VIEW
BI_PRD_DWH,dbo,View_FctVerkoopkans_2016_2017_reporting_wk30_account,VIEW
BI_PRD_DWH,dbo,View_FctVerkoopkans_2016_2017_WK30,VIEW
BI_PRD_DWH,dbo,View_FctVerkoopkans_201627,VIEW
BI_PRD_DWH,dbo,View_FctVerkoopkans_2017_2018_WK30,VIEW
BI_PRD_DWH,dbo,View_FctVerkoopkans_2017_2018_WK30_tbv_Historie,VIEW
BI_PRD_DWH,dbo,View_FctVerkoopkans_2017_2018_WK38,VIEW
BI_PRD_DWH,dbo,View_FctVerkoopkans_alle,VIEW
BI_PRD_DWH,dbo,View_FctVerkoopkans_BackwardPlanning_BO,VIEW
BI_PRD_DWH,dbo,View_FctVerkoopkans_BackwardPlanning_BO_2019,VIEW
BI_PRD_DWH,dbo,View_FctVerkoopkans_BackwardPlanning_BO_2019_incl,VIEW
BI_PRD_DWH,dbo,View_FctVerkoopkans_LastWK,VIEW
BI_PRD_DWH,dbo,View_FctVerkoopkans_Learnbeat,VIEW
BI_PRD_DWH,dbo,View_FctVerkoopkansActiviteitLaatst,VIEW
BI_PRD_DWH,dbo,View_FctVerkoopkansNuvsYago,VIEW
BI_PRD_DWH,dbo,View_FctVerkoopKansSimpel,VIEW
BI_PRD_DWH,dbo,View_FctVerkoopKansSimpelPO,VIEW
BI_PRD_DWH,dbo,View_FctVKWK,VIEW
BI_PRD_DWH,dbo,View_FctVoucher,VIEW
BI_PRD_DWH,dbo,View_FctVoucher_NT2,VIEW
BI_PRD_DWH,dbo,View_Finance_LangeTermijn,VIEW
BI_PRD_DWH,dbo,View_Finance_MaandRapportage,VIEW
BI_PRD_DWH,dbo,View_Finance_UltraKorteTermijn,VIEW
BI_PRD_DWH,dbo,View_FinanceTest,VIEW
BI_PRD_DWH,dbo,View_Gebruik_BKL_nu,VIEW
BI_PRD_DWH,dbo,View_Gebruik_Methode_PO,VIEW
BI_PRD_DWH,dbo,View_Gebruik_PO,VIEW
BI_PRD_DWH,dbo,View_Gebruik_PO_historie2020,VIEW
BI_PRD_DWH,dbo,View_Gebruik_PO_historie2021,VIEW
BI_PRD_DWH,dbo,View_gebruiksaandelenVO_SMI_Sandbox_TM,VIEW
BI_PRD_DWH,dbo,View_HistorischPatroon,VIEW
BI_PRD_DWH,dbo,View_InhoudDB_Overzicht,VIEW
BI_PRD_DWH,dbo,View_invoeringen,VIEW
BI_PRD_DWH,dbo,View_laatste_actie_Verkoopkans,VIEW
BI_PRD_DWH,dbo,View_LB2,VIEW
BI_PRD_DWH,dbo,View_LeadsCumulatief,VIEW
BI_PRD_DWH,dbo,View_Leerbehoefte_OWT_LJ_VO,VIEW
BI_PRD_DWH,dbo,View_LeerbehoefteLocatiePotentieel,VIEW
BI_PRD_DWH,dbo,View_LeerbehoefteLocatiePotentieelBO,VIEW
BI_PRD_DWH,dbo,View_LeerbehoefteLocatiePotentieelBO_2,VIEW
BI_PRD_DWH,dbo,View_LeerbehoefteLocatiePotentieelPO,VIEW
BI_PRD_DWH,dbo,View_LeerbehoefteLocatiePotentieelVO,VIEW
BI_PRD_DWH,dbo,View_LeerbehoefteOnderwijsBO,VIEW
BI_PRD_DWH,dbo,View_LeerbehoefteOnderwijsPO,VIEW
BI_PRD_DWH,dbo,View_LeerbehoefteOnderwijsVO,VIEW
BI_PRD_DWH,dbo,View_LeerlingenOnderwijs,VIEW
BI_PRD_DWH,dbo,View_LeerlingenOnderwijsVerloop,VIEW
BI_PRD_DWH,dbo,View_Licenties_AT2,VIEW
BI_PRD_DWH,dbo,View_licenties_DWH,VIEW
BI_PRD_DWH,dbo,View_licenties_DWH_Geo,VIEW
BI_PRD_DWH,dbo,View_Licenties_PBI,VIEW
BI_PRD_DWH,dbo,View_Licenties_PBI_PO_groep,VIEW
BI_PRD_DWH,dbo,View_Licenties_PBI_TIE,VIEW
BI_PRD_DWH,dbo,View_Licenties_PBI_TVNU,VIEW
BI_PRD_DWH,dbo,View_Licenties_reference_UID_school,VIEW
BI_PRD_DWH,dbo,View_Licenties_TVNU,VIEW
BI_PRD_DWH,dbo,View_LicentiesActueel_PBI_PO_groep,VIEW
BI_PRD_DWH,dbo,View_LicentiesActueel_PBI_PO_Locatie,VIEW
BI_PRD_DWH,dbo,View_LL_perAccount,VIEW
BI_PRD_DWH,dbo,View_Locatie_TPC_Duo_TM,VIEW
BI_PRD_DWH,dbo,View_Matrix_BKL,VIEW
BI_PRD_DWH,dbo,View_MatrixCheckVK,VIEW
BI_PRD_DWH,dbo,View_MBO_algemeneVakken,VIEW
BI_PRD_DWH,dbo,View_MBO_algemeneVakken_Docenten,VIEW
BI_PRD_DWH,dbo,View_Meldingen_EOB_Door,VIEW
BI_PRD_DWH,dbo,View_MethodeGebruik,VIEW
BI_PRD_DWH,dbo,View_MissendeBoekenlijsten,VIEW
BI_PRD_DWH,dbo,View_NPS_Score,VIEW
BI_PRD_DWH,dbo,View_Oder_tbvLevertijd,VIEW
BI_PRD_DWH,dbo,View_OmzetPerArtikel,VIEW
BI_PRD_DWH,dbo,View_OmzetPerArtikel_check,VIEW
BI_PRD_DWH,dbo,View_OmzetPerArtikel_LangeTermijn,VIEW
BI_PRD_DWH,dbo,View_OmzetPerArtikelDigitaal,VIEW
BI_PRD_DWH,dbo,View_OmzetPerArtikelDigitaalPerKlant,VIEW
BI_PRD_DWH,dbo,View_OmzetPerArtikelDigitaalPerKlant2019,VIEW
BI_PRD_DWH,dbo,View_OmzetPerArtikelDigitaalPerKlant2020,VIEW
BI_PRD_DWH,dbo,View_OmzetPerArtikelPerKlant_LangeTermijn,VIEW
BI_PRD_DWH,dbo,View_OmzetPerArtikelPerKlant_LangeTermijn_CheckTLN,VIEW
BI_PRD_DWH,dbo,View_OmzetPerArtikelPerKlant_LangeTermijn_examen,VIEW
BI_PRD_DWH,dbo,View_OmzetPerArtikelPerKlant_LT_Ytd,VIEW
BI_PRD_DWH,dbo,View_OmzetPerJaarPerArtikel,VIEW
BI_PRD_DWH,dbo,View_Opleidingen_LeerBehoefte,VIEW
BI_PRD_DWH,dbo,View_OpleidingID,VIEW
BI_PRD_DWH,dbo,View_Order_vs_Verkoopkans_vs_Gebruik,VIEW
BI_PRD_DWH,dbo,View_PlatformKeuze,VIEW
BI_PRD_DWH,dbo,View_PlatformPO,VIEW
BI_PRD_DWH,dbo,View_PlatformPO_LangeTermijn,VIEW
BI_PRD_DWH,dbo,View_PlatformVO,VIEW
BI_PRD_DWH,dbo,View_PlatformVO_DuitsBB,VIEW
BI_PRD_DWH,dbo,View_PlatformVO_LangeTermijn_20152019,VIEW
BI_PRD_DWH,dbo,View_PlatformVO_LangeTermijn_20152020,VIEW
BI_PRD_DWH,dbo,View_PlatformVO_LangeTermijn_20182020,VIEW
BI_PRD_DWH,dbo,View_PlatformVO_LangeTermijn_Aanbesteding,VIEW
BI_PRD_DWH,dbo,View_PlatformVO_LangeTermijn_oud,VIEW
BI_PRD_DWH,dbo,View_PO_Methode_Meerdere_Vakken,VIEW
BI_PRD_DWH,dbo,View_PO_Segment,VIEW
BI_PRD_DWH,dbo,View_PO_Vervangers,VIEW
BI_PRD_DWH,dbo,View_Prijs_gerealiseerd,VIEW
BI_PRD_DWH,dbo,View_PrijsPerArtikel,VIEW
BI_PRD_DWH,dbo,View_ProductDimensie,VIEW
BI_PRD_DWH,dbo,View_ProjectAnalyse_reporting,VIEW
BI_PRD_DWH,dbo,View_ProjectOmzetBegroting,VIEW
BI_PRD_DWH,dbo,View_ProjectOmzetPrognose,VIEW
BI_PRD_DWH,dbo,View_ProjectOmzetWerkelijk,VIEW
BI_PRD_DWH,dbo,View_QueryPlatform,VIEW
BI_PRD_DWH,dbo,View_QueryVK_2datums,VIEW
BI_PRD_DWH,dbo,View_QueryVK_3datums,VIEW
BI_PRD_DWH,dbo,View_QueryVK_DatumEIND,VIEW
BI_PRD_DWH,dbo,View_QueryVK_DatumNU_Closed,VIEW
BI_PRD_DWH,dbo,View_QueryVK_DatumNU_Consolidated,VIEW
BI_PRD_DWH,dbo,View_QueryVK_DatumNU_GewonnenRetentie_PO,VIEW
BI_PRD_DWH,dbo,View_QueryVK_DatumNU_HardUitgesteld_PO,VIEW
BI_PRD_DWH,dbo,View_QueryVK_DatumNU_HardVerloren_PO,VIEW
BI_PRD_DWH,dbo,View_QueryVK_DatumNU_org,VIEW
BI_PRD_DWH,dbo,View_QueryVK_DatumNU_test,VIEW
BI_PRD_DWH,dbo,View_QueryVK_DatumNU_Verloren,VIEW
BI_PRD_DWH,dbo,View_QueryVK_DatumNU_ZachtUitgesteld_PO,VIEW
BI_PRD_DWH,dbo,View_QueryVK_DatumNU_ZachtVerloren_PO,VIEW
BI_PRD_DWH,dbo,View_QueryVK_DatumVRG_Closed,VIEW
BI_PRD_DWH,dbo,View_QueryVK_DatumVRG_Consolidated,VIEW
BI_PRD_DWH,dbo,View_QueryVK_DatumVRG_org,VIEW
BI_PRD_DWH,dbo,View_QueryVK_DatumVRG_test,VIEW
BI_PRD_DWH,dbo,View_QueryVK_NU_VRG_PBI,VIEW
BI_PRD_DWH,dbo,View_QueryVK_NU_VRG_tbvTraining,VIEW
BI_PRD_DWH,dbo,View_QueryVK_NU_VRG_YAGO,VIEW
BI_PRD_DWH,dbo,View_QueryVK_NU_VRGPO,VIEW
BI_PRD_DWH,dbo,View_QueryVK_Regel_BO,VIEW
BI_PRD_DWH,dbo,View_QueryVKPO_BEX,VIEW
BI_PRD_DWH,dbo,View_Rapportage_Doelen_kort,VIEW
BI_PRD_DWH,dbo,View_RelatieHierachie_FAKE,VIEW
BI_PRD_DWH,dbo,View_RelatieHierachie_Old,VIEW
BI_PRD_DWH,dbo,View_RelatieHierachy_LMC,VIEW
BI_PRD_DWH,dbo,View_ReportVK_v2,VIEW
BI_PRD_DWH,dbo,View_ReportVK_v3,VIEW
BI_PRD_DWH,dbo,View_ReportVK_VKtype,VIEW
BI_PRD_DWH,dbo,View_ReportVKS_Lost,VIEW
BI_PRD_DWH,dbo,View_Response_verwerking,VIEW
BI_PRD_DWH,dbo,View_RosBenchMark,VIEW
BI_PRD_DWH,dbo,View_SchooltasActiveringen,VIEW
BI_PRD_DWH,dbo,View_SchooltasOrders,VIEW
BI_PRD_DWH,dbo,View_SchoolVertaalTabel_FctBoekenlijst,VIEW
BI_PRD_DWH,dbo,View_SelectVKVO,VIEW
BI_PRD_DWH,dbo,View_Servicing_CCCD_major,VIEW
BI_PRD_DWH,dbo,View_Status_TOV_Target_2,VIEW
BI_PRD_DWH,dbo,View_Status_TOV_Target_Dynamisch_Saldo,VIEW
BI_PRD_DWH,dm,View_SvsExportThiemeMeulenhoff,VIEW
BI_PRD_DWH,dm,View_SvsExportThiemeMeulenhoffExamens,VIEW
BI_PRD_DWH,dbo,View_Targets_MBO,VIEW
BI_PRD_DWH,dbo,View_Targets_uitgefaseerd,VIEW
BI_PRD_DWH,dbo,View_Team_GA,VIEW
BI_PRD_DWH,dbo,View_Team_SVS,VIEW
BI_PRD_DWH,dbo,View_Telefoon,VIEW
BI_PRD_DWH,dbo,View_TestFactuurQuery,VIEW
BI_PRD_DWH,dbo,View_Titels,VIEW
BI_PRD_DWH,dbo,View_Top25Klanten,VIEW
BI_PRD_DWH,dbo,View_Tussenhandel_Accounts,VIEW
BI_PRD_DWH,dbo,View_TweetaligeCorrectieLLVolume,VIEW
BI_PRD_DWH,dbo,View_TypeVerkoopkans,VIEW
BI_PRD_DWH,dbo,View_UniekeGebruikersPerSchool,VIEW
BI_PRD_DWH,dbo,View_UniekeGebruikersPerSchool_Schoolrapport,VIEW
BI_PRD_DWH,dbo,View_update_datumveld,VIEW
BI_PRD_DWH,dbo,View_update_tijdsspanne,VIEW
BI_PRD_DWH,dbo,View_update_tijdsspanne_BO,VIEW
BI_PRD_DWH,dbo,View_update_tijdsspanne_YAGO,VIEW
BI_PRD_DWH,dbo,View_uploadPO,VIEW
BI_PRD_DWH,dbo,View_Verkoopkans_Current,VIEW
BI_PRD_DWH,dbo,View_Verkoopkans_Current_PO,VIEW
BI_PRD_DWH,dbo,View_Verkoopkans_GWTW_Activities,VIEW
BI_PRD_DWH,dbo,View_Verkoopkans_historie,VIEW
BI_PRD_DWH,dbo,View_VerkoopkansDubbel,VIEW
BI_PRD_DWH,dm,View_VerkoopkansWeekActiviteiten_bup,VIEW
BI_PRD_DWH,dm,View_VerkoopkansWeekActiviteiten_inclusief_dagenPPLN,VIEW
BI_PRD_DWH,dm,View_VerkoopkansWeekActiviteiten_tbv_bonus,VIEW
BI_PRD_DWH,dbo,View_VerlorenKansen,VIEW
BI_PRD_DWH,dbo,View_VerlorenKansenPO,VIEW
BI_PRD_DWH,dbo,View_VerlorenKansenVO,VIEW
BI_PRD_DWH,dbo,View_Verplichting,VIEW
BI_PRD_DWH,dbo,View_vk_act_lead,VIEW
BI_PRD_DWH,dbo,View_vk_act_lead_VO,VIEW
BI_PRD_DWH,dbo,View_VKHierarchy,VIEW
BI_PRD_DWH,dbo,View_WebPower_VK,VIEW
BI_PRD_DWH,dbo,View_Weken_LicentieRapportage,VIEW
SMI_SandBox,dbo,dbo_View_UniekeLicentiesPerSchool,VIEW
SMI_SandBox,bkl,NonCodedEan,VIEW
SMI_SandBox,dbo,VDE_Angela_lijst,VIEW
SMI_SandBox,dbo,View__vkaanpassen,VIEW
SMI_SandBox,dbo,View_ABO_VO_Verlengen,VIEW
SMI_SandBox,dbo,View_AboVDE_Verlengen,VIEW
SMI_SandBox,tps,View_AccountDUO,VIEW
SMI_SandBox,dbo,View_AccountRelaties,VIEW
SMI_SandBox,dbo,View_AccountRelatiesDubbel,VIEW
SMI_SandBox,dbo,View_AccountSpecifiekeLicenties,VIEW
SMI_SandBox,dbo,View_AccountSpecifiekeLicentiesSentia,VIEW
SMI_SandBox,dbo,View_Activering_Licentie_Toegang,VIEW
SMI_SandBox,tps,View_ActiveringDocenten,VIEW
SMI_SandBox,dbo,View_ActiveringDocentenKamer,VIEW
SMI_SandBox,dbo,View_Activeringen_per_School_per_Methode_Gebruik,VIEW
SMI_SandBox,dbo,View_ActiveringsQuery,VIEW
SMI_SandBox,tps,View_ActiveringsQuery,VIEW
SMI_SandBox,dbo,View_Activity_Joiner,VIEW
SMI_SandBox,dbo,View_Activity_SalesOrder_check2,VIEW
SMI_SandBox,dbo,View_Activity_SalesOrder_NoBEX,VIEW
SMI_SandBox,dbo,View_Activity_SalesOrder_updateTime,VIEW
SMI_SandBox,dbo,View_Activity_SpecialPersons,VIEW
SMI_SandBox,dbo,View_Activity_Taken,VIEW
SMI_SandBox,dbo,View_adressen_scholen,VIEW
SMI_SandBox,dbo,View_AlleKlanten,VIEW
SMI_SandBox,dbo,View_AlleKlanten_BO,VIEW
SMI_SandBox,dbo,View_AlleKlanten_VO_2,VIEW
SMI_SandBox,dbo,View_AlleKlanten_VO_2_naarClick,VIEW
SMI_SandBox,wpr,View_Analyse_Mailings,VIEW
SMI_SandBox,wpr,View_ApiTest,VIEW
SMI_SandBox,dbo,View_ASSU_Rollen,VIEW
SMI_SandBox,dbo,View_BackWardPotentieel,VIEW
SMI_SandBox,dbo,View_Basis_Bellijst,VIEW
SMI_SandBox,dbo,View_Basis_Bellijst_NT2,VIEW
SMI_SandBox,dbo,View_Basis_DG_EANGebruik,VIEW
SMI_SandBox,dbo,View_Basis_DG_EANGebruik_Assorti,VIEW
SMI_SandBox,dbo,View_Basis_DG_EANGebruik_Geo5Wonen,VIEW
SMI_SandBox,dbo,View_Basis_DG_VK,VIEW
SMI_SandBox,dbo,View_Basis_DG_VK_201801_alg,VIEW
SMI_SandBox,dbo,View_Basis_DG_VK_201801_alg_MVT,VIEW
SMI_SandBox,dbo,View_Basis_DG_VK_201801_alg_PL,VIEW
SMI_SandBox,dbo,View_Basis_DG_VK_201801_Belavond,VIEW
SMI_SandBox,dbo,View_Basis_DG_VK_201801_Regio,VIEW
SMI_SandBox,dbo,View_Basis_DG_VK_201804_NATF_PL,VIEW
SMI_SandBox,dbo,View_Basis_DG_VK_20180524_NATF,VIEW
SMI_SandBox,dbo,View_Basis_DG_VK_20180525_GEOLW,VIEW
SMI_SandBox,dbo,View_Basis_DG_VK_20190122_MUN_NEW,VIEW
SMI_SandBox,dbo,View_Basis_DG_VK_20190130_Carmel,VIEW
SMI_SandBox,dbo,View_Basis_DG_VK_Intro,VIEW
SMI_SandBox,dbo,View_Basis_DG_VK_MUTF1,VIEW
SMI_SandBox,dbo,View_Basis_DG_VK_Small,VIEW
SMI_SandBox,dbo,View_Basis_DG_VK_TussenDoor,VIEW
SMI_SandBox,dbo,View_Basis_DG_VK_Uitstel,VIEW
SMI_SandBox,dbo,View_Basis_DG_VK20171031,VIEW
SMI_SandBox,dbo,View_Basis_Docent_Abonnementen_VDE,VIEW
SMI_SandBox,dbo,View_Basis_Docent_Verlengen_Niet_Abonnementen_VDE,VIEW
SMI_SandBox,dbo,View_Basis_Docent_Verlenging,VIEW
SMI_SandBox,dbo,View_Basis_Docent_Verlenging_2018,VIEW
SMI_SandBox,dbo,View_Basis_Type_Doelgroep,VIEW
SMI_SandBox,dbo,View_Basis_voor_DocentLicenties_Edition,VIEW
SMI_SandBox,dbo,View_Basis_voor_DoelgroepData,VIEW
SMI_SandBox,dbo,View_Basis_voor_DoelgroepData_Algemeen,VIEW
SMI_SandBox,dbo,View_Basis_voor_DoelgroepData_Algemeen_2020_BO,VIEW
SMI_SandBox,dbo,View_Basis_voor_DoelgroepData_Algemeen_2020_BO_Alle,VIEW
SMI_SandBox,dbo,View_Basis_voor_DoelgroepData_Algemeen_2020_nask,VIEW
SMI_SandBox,dbo,View_Basis_voor_DoelgroepData_Algemeen_Gebruik,VIEW
SMI_SandBox,dbo,View_Basis_voor_DoelgroepData_Algemeen_Verlenging,VIEW
SMI_SandBox,dbo,View_Basis_voor_DoelgroepData_Algemeen_VK,VIEW
SMI_SandBox,dbo,View_Basis_voor_DoelgroepData_Algemeen_VK_Gebruik_Licenties,VIEW
SMI_SandBox,dbo,View_Basis_voor_DoelgroepData_Algemeen_VK_Gebruik_Licenties_alternatief,VIEW
SMI_SandBox,dbo,View_Basis_voor_DoelgroepData_Algemeen_VK_Gebruik_Licenties_gotit,VIEW
SMI_SandBox,dbo,View_Basis_voor_DoelgroepData_Algemeen_VK_Gebruik_Licenties_HBO,VIEW
SMI_SandBox,dbo,View_Basis_voor_DoelgroepData_Algemeen_VK_Gebruik_Licenties_inclFun,VIEW
SMI_SandBox,dbo,View_Basis_voor_DoelgroepData_Algemeen_VK_Gebruik_Licenties_MIXED,VIEW
SMI_SandBox,dbo,View_Basis_voor_DoelgroepData_Algemeen_VK_Gebruik_Licenties_ThiemoLight,VIEW
SMI_SandBox,dbo,View_Basis_voor_DoelgroepData_Algemeen_VK_Gebruik_Licenties_TIE,VIEW
SMI_SandBox,dbo,View_Basis_voor_DoelgroepData_Algemeen_VK_Gebruik_Licenties_TotaleKlantenbasis,VIEW
SMI_SandBox,dbo,View_Basis_voor_DoelgroepData_Algemeen_VK_Gebruik_Licenties_TransferDB,VIEW
SMI_SandBox,dbo,View_Basis_voor_DoelgroepData_Algemeen_VK_Gebruik_Licenties_VO_Overstap,VIEW
SMI_SandBox,dbo,View_Basis_voor_DoelgroepData_Algemeen_VK_Gebruik_TM,VIEW
SMI_SandBox,dbo,View_Basis_voor_DoelgroepData_Klanten_2020,VIEW
SMI_SandBox,dbo,View_Basis_voor_DoelgroepData_Licenties_GD_obv_EANLic,VIEW
SMI_SandBox,dbo,View_Basis_voor_DoelgroepData_MBO,VIEW
SMI_SandBox,dbo,View_Basis_voor_DoelgroepData_NT2,VIEW
SMI_SandBox,dbo,View_Basis_voor_DoelgroepData_TaalVerhaal,VIEW
SMI_SandBox,dbo,View_Basis_voor_DoelgroepData_TaalVerhaal_special,VIEW
SMI_SandBox,dbo,View_Basis_voor_DoelgroepData_VMBO_Beroeps,VIEW
SMI_SandBox,dbo,View_Basis_voor_DoelgroepKlantDirectie,VIEW
SMI_SandBox,dbo,View_Basis_voor_DoelgroepVerfijning,VIEW
SMI_SandBox,dbo,View_Basis_voor_Licenties,VIEW
SMI_SandBox,dbo,View_Basis_voor_VK,VIEW
SMI_SandBox,dbo,View_Basis_voor_VK_2018083004GewonnenVK,VIEW
SMI_SandBox,dbo,View_Basis_voor_VK_20190110_CC,VIEW
SMI_SandBox,dbo,View_Basis_voor_VK_20190115_FC,VIEW
SMI_SandBox,dbo,View_Basis_voor_VK_20190130_Carmel,VIEW
SMI_SandBox,dbo,View_Basis_voor_VK_20190215_Carmel,VIEW
SMI_SandBox,dbo,View_Basis_voor_VK_20191125,VIEW
SMI_SandBox,dbo,View_Basis_voor_VK_20200316,VIEW
SMI_SandBox,dbo,View_Basis_voor_VK_20200318,VIEW
SMI_SandBox,dbo,View_Basis_voor_VK_20200811,VIEW
SMI_SandBox,dbo,View_Basis_voor_VK_20200819,VIEW
SMI_SandBox,dbo,View_Basis_voor_VK_Geo5,VIEW
SMI_SandBox,pbi,View_BelcontactenPO,VIEW
SMI_SandBox,pbi,View_BelcontactenVO,VIEW
SMI_SandBox,dbo,View_Bellijst_Docenten_Basisfile,VIEW
SMI_SandBox,dbo,View_Bellijst_Docenten_Samba,VIEW
SMI_SandBox,dbo,View_Bellijst_Docenten_Samba_adres,VIEW
SMI_SandBox,dbo,View_Bellijst_Docenten_Samba_EOB,VIEW
SMI_SandBox,dbo,View_Bellijst_Docenten_Samba_exclEOB,VIEW
SMI_SandBox,dbo,View_Bellijst_Docenten_Samba_mixed20160512,VIEW
SMI_SandBox,dbo,View_Bellijst_Docenten_Samba_TIE_Gebruik,VIEW
SMI_SandBox,dbo,View_Bellijst_DocentenDataPivot,VIEW
SMI_SandBox,dbo,View_Bellijst_DocentenDataQ,VIEW
SMI_SandBox,dbo,View_Bellijst_DocentenDataQ_PO,VIEW
SMI_SandBox,dbo,View_Bellijst_selectie_PO_ProActief_Engels,VIEW
SMI_SandBox,dbo,View_Bellijst_selectieVK,VIEW
SMI_SandBox,dbo,View_Bellijst_selectieVK_BO,VIEW
SMI_SandBox,dbo,View_Bellijst_selectieVK_BO_20160418,VIEW
SMI_SandBox,dbo,View_Bellijst_selectieVK_BO_Takes20160223,VIEW
SMI_SandBox,dbo,View_Bellijst_selectieVK_DataQ_20160405,VIEW
SMI_SandBox,dbo,View_Bellijst_selectieVK_DataQ_20160405_gotit,VIEW
SMI_SandBox,dbo,View_Bellijst_selectieVK_DataQ_20160405_Gotit_NB,VIEW
SMI_SandBox,dbo,View_Bellijst_selectieVK_DataQ_20161025,VIEW
SMI_SandBox,dbo,View_Bellijst_selectieVK_PO_20160418,VIEW
SMI_SandBox,dbo,View_Bellijst_selectieVK_PO_20160511,VIEW
SMI_SandBox,dbo,View_Bellijst_selectieVK_PO_20160601,VIEW
SMI_SandBox,dbo,View_Bellijst_selectieVK_PO_TIE78,VIEW
SMI_SandBox,dbo,View_Bellijst_selectieVK_PO_TIE78_20160503,VIEW
SMI_SandBox,dbo,View_Bellijst_selectieVK_POTVAT_20160408,VIEW
SMI_SandBox,dbo,View_Bellijst_selectieVK_Samba_EngelsOB,VIEW
SMI_SandBox,dbo,View_Bellijst_selectieVK_Samba_ImpactVMBO,VIEW
SMI_SandBox,dbo,View_Bellijst_selectieVK_smi,VIEW
SMI_SandBox,dbo,View_Bellijst_selectieVK_VO,VIEW
SMI_SandBox,dbo,View_Bellijst_selectieVK_VO_Basis,VIEW
SMI_SandBox,dbo,View_Bellijst_selectieVK_VO_Contact,VIEW
SMI_SandBox,dbo,View_Bellijst_selectieVK_VO_test,VIEW
SMI_SandBox,dbo,View_Bellijst_selectieVK_VOGewonnen_mail,VIEW
SMI_SandBox,dbo,View_BestellingenAlliantieVo,VIEW
SMI_SandBox,dbo,View_BKL_BO_TVV,VIEW
SMI_SandBox,dbo,View_BKL_Iddink_Carmel,VIEW
SMI_SandBox,dbo,View_BKL_Iddink_Carmel_verschillen,VIEW
SMI_SandBox,dbo,View_BKL_Iddink_Carmel_winlos,VIEW
SMI_SandBox,dbo,View_BlauweLijst_VK,VIEW
SMI_SandBox,dbo,View_BO,VIEW
SMI_SandBox,dbo,View_BO_MagazinePoster,VIEW
SMI_SandBox,dbo,View_Brin_Alle,VIEW
SMI_SandBox,dbo,View_Brin_DUO_LL,VIEW
SMI_SandBox,dbo,View_brinHBOWO,VIEW
SMI_SandBox,dbo,View_BrinRelCRM,VIEW
SMI_SandBox,dbo,View_BusinessFunctionsDoelgroep,VIEW
SMI_SandBox,dbo,view_CarmelLMF,VIEW
SMI_SandBox,dbo,View_Check_directleveren,VIEW
SMI_SandBox,dbo,View_check_doelgroep,VIEW
SMI_SandBox,dbo,View_CheckActiveringsdocenten,VIEW
SMI_SandBox,dbo,View_CheckMSPers,VIEW
SMI_SandBox,tps,View_checkOrg,VIEW
SMI_SandBox,wpr,View_click,VIEW
SMI_SandBox,dbo,View_Contact_Relatie_NAW,VIEW
SMI_SandBox,dbo,View_Content_Reference,VIEW
SMI_SandBox,dbo,View_CPI_hand,VIEW
SMI_SandBox,dbo,View_CPI_PackageStream_REF,VIEW
SMI_SandBox,dbo,View_CrossSelectiePO,VIEW
SMI_SandBox,dbo,View_CrossSell_Engels_TIE_licenties,VIEW
SMI_SandBox,dbo,View_DatabaseOverzicht2,VIEW
SMI_SandBox,dbo,View_DigitaleOmgeving_gebruik,VIEW
SMI_SandBox,dbo,View_DigitaleVaardigHedenDoelgroep,VIEW
SMI_SandBox,dbo,View_DimAanbesteding,VIEW
SMI_SandBox,dbo,View_DimAanbesteding2,VIEW
SMI_SandBox,dbo,View_DimArtikel_TVNU,VIEW
SMI_SandBox,wpr,View_DimClick,VIEW
SMI_SandBox,dbo,View_DimUitgever,VIEW
SMI_SandBox,dbo,View_DirecteLevering_DRAFT,VIEW
SMI_SandBox,dbo,View_DirectieTouchpoints,VIEW
SMI_SandBox,tps,View_Distributor,VIEW
SMI_SandBox,dbo,View_Docenten_zonder_Bestelling,VIEW
SMI_SandBox,dbo,View_Doelgroep_GotIt_NB,VIEW
SMI_SandBox,dbo,View_Doelgroep_LB,VIEW
SMI_SandBox,dbo,View_Doelgroep_LBCode,VIEW
SMI_SandBox,dbo,View_Doelgroep_LBCode_Mixed,VIEW
SMI_SandBox,dbo,View_Doelgroep_obv_businessfunction_methodegebruik,VIEW
SMI_SandBox,dbo,View_Doelgroep_obv_businessfunction_methodegebruik_HBO_Versie,VIEW
SMI_SandBox,dbo,View_Doelgroep_obv_businessfunction_methodegebruik_HBO_Versie_anatomie,VIEW
SMI_SandBox,dbo,View_Doelgroep_obv_businessfunction_methodegebruik_HBO_Versie_Bouwkunde,VIEW
SMI_SandBox,dbo,View_Doelgroep_obv_businessfunction_methodegebruik_HBO_Versie_Communiceren,VIEW
SMI_SandBox,dbo,View_Doelgroep_obv_businessfunction_methodegebruik_SamengevatNE,VIEW
SMI_SandBox,dbo,View_Doelgroep_obv_businessfunction_methodegebruik_ZuidhoekVersie,VIEW
SMI_SandBox,dbo,View_Doelgroep_TeLaat,VIEW
SMI_SandBox,dbo,View_Doelgroep_TeLateLevering,VIEW
SMI_SandBox,dbo,View_DoelgroepBestand,VIEW
SMI_SandBox,dbo,View_DoelgroepBestand_alle,VIEW
SMI_SandBox,dbo,View_DoelgroepData_obv_Selectie,VIEW
SMI_SandBox,dbo,View_DoelgroepData_obv_VK,VIEW
SMI_SandBox,smi,View_DoelgroepFunnel,VIEW
SMI_SandBox,dbo,View_DoelgroepFunnelBestand,VIEW
SMI_SandBox,scr,View_Door_pdf_adressen1,VIEW
SMI_SandBox,dbo,View_DoorVouchers,VIEW
SMI_SandBox,dbo,View_DubbeleRelatienummers,VIEW
SMI_SandBox,dbo,View_DWHVoucher,VIEW
SMI_SandBox,dbo,View_EANBKL_groei,VIEW
SMI_SandBox,tps,View_ECKlicenties,VIEW
SMI_SandBox,dbo,View_EditionGebruik,VIEW
SMI_SandBox,dbo,View_EindExamenAnalyse,VIEW
SMI_SandBox,dbo,View_ELF_ILF_2018,VIEW
SMI_SandBox,dbo,View_email_uto,VIEW
SMI_SandBox,dbo,View_emailvergelijking,VIEW
SMI_SandBox,dbo,View_EOB_CC,VIEW
SMI_SandBox,dbo,View_EOB_CC_LastVisit,VIEW
SMI_SandBox,dbo,View_EOB_checkFC_op_onbekend,VIEW
SMI_SandBox,dbo,View_EOB_CTA,VIEW
SMI_SandBox,dbo,View_EOB_CTA_PostMailing_noshow,VIEW
SMI_SandBox,dbo,View_EOB_lijstenFC_Output,VIEW
SMI_SandBox,dbo,View_EOB_MarktMatrix_EmailLijst_CTA,VIEW
SMI_SandBox,dbo,View_EOB_MarktMatrix_Response,VIEW
SMI_SandBox,dbo,View_EOB_Productie,VIEW
SMI_SandBox,dbo,View_EOB_Vou_Lic_Msp,VIEW
SMI_SandBox,dbo,View_EOB_Vouchers_PRF,VIEW
SMI_SandBox,dbo,View_EOB_WatWel,VIEW
SMI_SandBox,dbo,View_EOBLeadUpload,VIEW
SMI_SandBox,dbo,View_eventjes,VIEW
SMI_SandBox,dbo,View_ExamenBundelVerkoopkansen2021,VIEW
SMI_SandBox,dbo,View_ExamenCijferAnalyse,VIEW
SMI_SandBox,dbo,View_ExamenCijferAnalyse_Rekenen,VIEW
SMI_SandBox,dbo,View_ExamenCijfers_GotIt,VIEW
SMI_SandBox,wpr,View_ExtentieMail,VIEW
SMI_SandBox,dbo,View_extraLic,VIEW
SMI_SandBox,dbo,View_FctBoekenlijst_MBO_Markt,VIEW
SMI_SandBox,dbo,View_FctBoekenlijst_MBO_SB,VIEW
SMI_SandBox,dbo,View_FctLeerbehoefte_Locatie_Leerjaar_Licenties_actueel_vs_BKL,VIEW
SMI_SandBox,dbo,View_FctLeerbehoefte_vs_Licenties_actueel_vs_BKL,VIEW
SMI_SandBox,dbo,View_FctLicenties,VIEW
SMI_SandBox,dbo,View_FctLicenties_actueel_Bonhoef,VIEW
SMI_SandBox,dbo,View_FctLicenties_actueel_Fville,VIEW
SMI_SandBox,dbo,View_FctLicenties_actueel_GotIt,VIEW
SMI_SandBox,dbo,View_FctLicenties_actueel_Guldenaar,VIEW
SMI_SandBox,dbo,View_FctLicenties_actueel_Link,VIEW
SMI_SandBox,dbo,View_FctLicenties_actueel_LSJ,VIEW
SMI_SandBox,dbo,View_FctLicenties_actueel_Mixed,VIEW
SMI_SandBox,dbo,View_FctLicenties_actueel_NI_ZUG_ONO_LiJu,VIEW
SMI_SandBox,dbo,View_FctLicenties_actueel_nt2,VIEW
SMI_SandBox,dbo,View_FctLicenties_actueel_nt2_test,VIEW
SMI_SandBox,dbo,View_FctLicenties_actueel_oud,VIEW
SMI_SandBox,dbo,View_FctLicenties_actueel_PO,VIEW
SMI_SandBox,dbo,View_FctLicenties_actueel_PO_AT2,VIEW
SMI_SandBox,dbo,View_FctLicenties_Actueel_Totaal,VIEW
SMI_SandBox,dbo,View_FctLicenties_Actueel_Tussenhandel,VIEW
SMI_SandBox,dbo,View_FctLicenties_actueel_TVM,VIEW
SMI_SandBox,dbo,View_FctLicenties_actueel_vs_BKL,VIEW
SMI_SandBox,dbo,View_FctLicenties_actueel_vs_BKL_vs_LBH,VIEW
SMI_SandBox,dbo,View_FctLicenties_actueel_Zilla,VIEW
SMI_SandBox,dbo,View_FctLicenties_actueel_ZUG,VIEW
SMI_SandBox,dbo,View_FctLicenties_alle,VIEW
SMI_SandBox,dbo,View_FctLicenties_PBI_PerSchool,VIEW
SMI_SandBox,dbo,View_FctLicenties_PBI_PerSchool_PerWeek,VIEW
SMI_SandBox,dbo,View_FctLicenties_ProefLicenties_VO,VIEW
SMI_SandBox,dbo,View_FctVerkoopkans_2016_2017_WK30,VIEW
SMI_SandBox,dbo,View_FctVoucher_Activering,VIEW
SMI_SandBox,dbo,View_FctVoucher_Activering_2020,VIEW
SMI_SandBox,dbo,View_FctVoucher_Activering_MSP,VIEW
SMI_SandBox,dbo,View_FctVoucher_Activering_MVTZAAK,VIEW
SMI_SandBox,dbo,View_FctVoucher_Activering_NT2,VIEW
SMI_SandBox,dbo,View_FctVoucher_Activering_TWT,VIEW
SMI_SandBox,dbo,View_FctVoucher_Licentie_Order,VIEW
SMI_SandBox,dbo,View_FunnelAccount,VIEW
SMI_SandBox,dbo,View_FunnelBestand,VIEW
SMI_SandBox,dbo,View_FunnelDoelen,VIEW
SMI_SandBox,dbo,View_FunnelPOEngelsAlle,VIEW
SMI_SandBox,dbo,View_FunnelRol,VIEW
SMI_SandBox,wpr,View_FunnelStatustabel,VIEW
SMI_SandBox,dbo,View_GA_Chapters,VIEW
SMI_SandBox,dbo,View_GA_Chapters3,VIEW
SMI_SandBox,dbo,View_GA_decomp2,VIEW
SMI_SandBox,dbo,View_GA_UsageChapter,VIEW
SMI_SandBox,dbo,View_GA_UsageExercise,VIEW
SMI_SandBox,dbo,View_GA_UsageItem,VIEW
SMI_SandBox,dbo,View_GA_UsageParagraph,VIEW
SMI_SandBox,dbo,View_Gebruik_BO_test,VIEW
SMI_SandBox,dbo,View_Gebruik_LC,VIEW
SMI_SandBox,dbo,View_Gebruik_Licentie,VIEW
SMI_SandBox,dbo,View_Gebruik_Licentie_Docent,VIEW
SMI_SandBox,dbo,View_Gebruik_Licentie_Leerling,VIEW
SMI_SandBox,dbo,View_Gebruik_PO,VIEW
SMI_SandBox,dbo,View_GebruiksAandelenLeerbehoefte,VIEW
SMI_SandBox,dbo,View_GeneriekeMethode_Leerbehoefte,VIEW
SMI_SandBox,dbo,View_GOtIt_naar-functie,VIEW
SMI_SandBox,dbo,View_GotIt_NB_RekenCoordinatoren,VIEW
SMI_SandBox,dbo,View_GotIt_VO_Doelgroep,VIEW
SMI_SandBox,dbo,View_GWTW_ActivityParty,VIEW
SMI_SandBox,dbo,View_GWTW_Appointment,VIEW
SMI_SandBox,dbo,View_GWTW_Centric_tripreport,VIEW
SMI_SandBox,dbo,View_GWTW_Email,VIEW
SMI_SandBox,dbo,View_GWTW_phonecall,VIEW
SMI_SandBox,dbo,View_GWTW_Post,VIEW
SMI_SandBox,dbo,View_GWTW_task,VIEW
SMI_SandBox,dbo,View_Hoofd_Dependance,VIEW
SMI_SandBox,tps,View_ICTBFC_Hfd_loc,VIEW
SMI_SandBox,dbo,View_ICTCoordinator_CRContactPersoon,VIEW
SMI_SandBox,dbo,View_Iddink_LRNVersneld_Doelgroep,VIEW
SMI_SandBox,dbo,View_ImpactLeads_data,VIEW
SMI_SandBox,wpr,View_Incident,VIEW
SMI_SandBox,dbo,View_InvoerDocenten_VO,VIEW
SMI_SandBox,dbo,View_InvoerDocenten_Zilla,VIEW
SMI_SandBox,dbo,View_Invoeringen_Iddink,VIEW
SMI_SandBox,dbo,View_JBP_Iddink_2020,VIEW
SMI_SandBox,dbo,View_JBP_TLN_2020,VIEW
SMI_SandBox,dbo,View_Kansen_Algemeen_MBO_check,VIEW
SMI_SandBox,bgr,View_KansOpSwitch,VIEW
SMI_SandBox,dbo,View_KlantMailingPO,VIEW
SMI_SandBox,tps,View_Koppelingen,VIEW
SMI_SandBox,dbo,View_Learnbeat_Herkomst,VIEW
SMI_SandBox,dbo,View_LearnBeat_VK,VIEW
SMI_SandBox,dbo,View_LearnbeatBlauweLijst,VIEW
SMI_SandBox,dbo,View_Licentie_naar_gebruik_ATOL,VIEW
SMI_SandBox,dbo,View_Licentie_naar_HoofdmethodeCode,VIEW
SMI_SandBox,dbo,View_Licentie_naar_Leerbehoefte_DG,VIEW
SMI_SandBox,dbo,View_Licentie_Verlenging_PO,VIEW
SMI_SandBox,dbo,View_LicentieBedrag_OMO,VIEW
SMI_SandBox,dbo,View_LicentieHouders_AlgemeneVakkenMBO,VIEW
SMI_SandBox,dbo,View_Licenties_Email_Niet_LL_ICT,VIEW
SMI_SandBox,dbo,View_licenties_Groevenbeek,VIEW
SMI_SandBox,dbo,View_Licenties_NL,VIEW
SMI_SandBox,dbo,View_Licenties_NL_BO,VIEW
SMI_SandBox,dbo,View_LicentiesActueel_DWH,VIEW
SMI_SandBox,dbo,View_LicentiesActueel_DWH_methode,VIEW
SMI_SandBox,dbo,View_LicentiesActueel_DWH_methode_Benchmark,VIEW
SMI_SandBox,dbo,View_LicentiesActueel_DWH_methode_historie,VIEW
SMI_SandBox,dbo,View_LicentiesActueelDocenten_Aanhef,VIEW
SMI_SandBox,dbo,View_LicentiesActueelDocentenPO_Aanhef,VIEW
SMI_SandBox,dbo,View_LicentiesAlliantieVO,VIEW
SMI_SandBox,dbo,View_LicentiesAlliantieVO2,VIEW
SMI_SandBox,dbo,View_LicentiesBrinBasis,VIEW
SMI_SandBox,dbo,View_LicentiesGroevenbeekVO,VIEW
SMI_SandBox,dbo,View_LicentiesICTCoordinatoren_Edition,VIEW
SMI_SandBox,dbo,View_LicentiesMethode,VIEW
SMI_SandBox,dbo,View_LicentiesMethode_ICTCoord,VIEW
SMI_SandBox,dbo,View_LicentiesMethode_Leerlingen,VIEW
SMI_SandBox,dbo,View_LicentiesMethode_Voorbeeld,VIEW
SMI_SandBox,dbo,View_LicentieVerlenging,VIEW
SMI_SandBox,dbo,View_LicentieVoucherOrder,VIEW
SMI_SandBox,dbo,View_Lijstje_methodegebruik,VIEW
SMI_SandBox,dbo,View_Lijstje_methodegebruik_Engels_OB,VIEW
SMI_SandBox,dbo,View_Lijstje_methodegebruik_Engels_OB_Invoering,VIEW
SMI_SandBox,dbo,View_LijstjeVK,VIEW
SMI_SandBox,dbo,View_LijstjeVK_bkl2015_bup,VIEW
SMI_SandBox,dbo,View_LM03_dubbel,VIEW
SMI_SandBox,tps,View_LocatieMapping,VIEW
SMI_SandBox,dbo,View_Log_Errors,VIEW
SMI_SandBox,wpr,View_losseUpload_report,VIEW
SMI_SandBox,dbo,View_LRNVersneld_Doelgroep,VIEW
SMI_SandBox,dbo,View_LRNVersneldVKBesteller,VIEW
SMI_SandBox,dbo,View_Magister_Pilot,VIEW
SMI_SandBox,dbo,View_MakersAdres,VIEW
SMI_SandBox,dbo,View_Marktbewerking_MBO_00008_Engels,VIEW
SMI_SandBox,dbo,View_MatrixDocentVouchers,VIEW
SMI_SandBox,dbo,View_MatrixLicenties_actueel,VIEW
SMI_SandBox,dbo,View_MatrixSpecificaties_ALL,VIEW
SMI_SandBox,dbo,View_MaxScholen,VIEW
SMI_SandBox,tus,View_MBO_TussenHandel,VIEW
SMI_SandBox,dbo,View_MegabakAanhef,VIEW
SMI_SandBox,dbo,View_Missing_Relatienummers,VIEW
SMI_SandBox,dbo,View_MSP_BrinIssue_Bestuur_bestuurders,VIEW
SMI_SandBox,dbo,View_MSP_BrinIssue_contactgegevens_directies,VIEW
SMI_SandBox,dbo,View_MSP_BrinIssue_contactgegevens_licenties,VIEW
SMI_SandBox,dbo,View_MSPVK,VIEW
SMI_SandBox,dbo,View_NietGemaildeBestellers,VIEW
SMI_SandBox,dbo,View_NPS_Score,VIEW
SMI_SandBox,dbo,View_NT2_Alle,VIEW
SMI_SandBox,dbo,View_NT2_ZebraDoelgroep,VIEW
SMI_SandBox,dbo,View_NulmetingTLN,VIEW
SMI_SandBox,dbo,View_Onderwijs_LW,VIEW
SMI_SandBox,wpr,View_open,VIEW
SMI_SandBox,dbo,View_Open_VK_VO,VIEW
SMI_SandBox,dbo,View_Open_VK_VO_DataQ,VIEW
SMI_SandBox,dbo,View_OpnieuwBestellen,VIEW
SMI_SandBox,dbo,View_Orders_DWH,VIEW
SMI_SandBox,dbo,View_Orders_DWH_ZM,VIEW
SMI_SandBox,dbo,View_Orders_DWH_ZM2,VIEW
SMI_SandBox,tps,View_Organisation_digideliveryID_Kandidaten,VIEW
SMI_SandBox,tps,View_OrganisationBrinACC,VIEW
SMI_SandBox,dbo,View_OrgID_Brin6_Rel,VIEW
SMI_SandBox,dbo,View_OudDoelgroeplijst_Docenten,VIEW
SMI_SandBox,dbo,View_OudDoelgroeplijst_selectieVK,VIEW
SMI_SandBox,dbo,View_OudselectieVK,VIEW
SMI_SandBox,dbo,View_PDC_artikel,VIEW
SMI_SandBox,dbo,View_PO,VIEW
SMI_SandBox,dbo,View_PO_Engels_MailActie,VIEW
SMI_SandBox,dbo,View_PO_MarktBewerking_MKT_SALES,VIEW
SMI_SandBox,dbo,View_PO_MarktBewerking_MKT_SALES_Doelgroep,VIEW
SMI_SandBox,dbo,View_PO_MO_LIC_compare,VIEW
SMI_SandBox,dbo,View_PushBexOutputPersoon,VIEW
SMI_SandBox,dbo,View_QueryVK_BEX,VIEW
SMI_SandBox,dbo,View_QueryVKBO2,VIEW
SMI_SandBox,dbo,View_QueryVKPO_BEX_check,VIEW
SMI_SandBox,dbo,View_QueryVKPO_BEX_v2,VIEW
SMI_SandBox,dbo,View_QueryVKVO,VIEW
SMI_SandBox,dbo,View_QueryVKVO_budget,VIEW
SMI_SandBox,dbo,View_QueryVKVO_dossiers,VIEW
SMI_SandBox,dbo,View_QueryVKVO_Leerbehoeftes,VIEW
SMI_SandBox,dbo,View_R_Gebruik_dataset,VIEW
SMI_SandBox,dbo,View_RekenKansen2020,VIEW
SMI_SandBox,dbo,View_RelatieContact,VIEW
SMI_SandBox,dbo,View_SBO_PO,VIEW
SMI_SandBox,dbo,View_SchooltasKlantenAlle,VIEW
SMI_SandBox,dbo,View_Selectie_DoelgroepVO,VIEW
SMI_SandBox,dbo,View_SelectieMarktbewerkinPO,VIEW
SMI_SandBox,dbo,View_SelectieVK_VO_Activiteiten,VIEW
SMI_SandBox,wpr,View_Sent,VIEW
SMI_SandBox,dbo,View_Servicing_CCCD,VIEW
SMI_SandBox,dbo,View_SMI_M1NL,VIEW
SMI_SandBox,dbo,View_SVOS_Risico,VIEW
SMI_SandBox,dbo,View_Switch_2020,VIEW
SMI_SandBox,dbo,View_TabellenFormulesAanhef,VIEW
SMI_SandBox,dbo,View_TargetPatroonByWK,VIEW
SMI_SandBox,dbo,View_Targets,VIEW
SMI_SandBox,dbo,View_Targets_uitgefaseerd,VIEW
SMI_SandBox,dbo,View_Targets_uitgefaseerd_BUP,VIEW
SMI_SandBox,dbo,View_TeLaatLijst_Iddink,VIEW
SMI_SandBox,dbo,View_ThiemoDocenten,VIEW
SMI_SandBox,tps,View_TLinks_PBI_totalen,VIEW
SMI_SandBox,dbo,View_Top150,VIEW
SMI_SandBox,dbo,View_Top150_Account,VIEW
SMI_SandBox,dbo,View_Top150_relatienummer,VIEW
SMI_SandBox,dbo,View_Touchpoint_Aanvraag,VIEW
SMI_SandBox,dbo,View_Touchpoint_Activering,VIEW
SMI_SandBox,dbo,View_Touchpoint_ContactAM,VIEW
SMI_SandBox,dbo,View_Touchpoint_DoelgroepLabel,VIEW
SMI_SandBox,dbo,View_Touchpoint_Fases,VIEW
SMI_SandBox,dbo,View_Touchpoint_Funnel,VIEW
SMI_SandBox,dbo,View_Touchpoint_Interesse,VIEW
SMI_SandBox,dbo,View_Touchpoint_LBDoelgroepLabel,VIEW
SMI_SandBox,dbo,View_Touchpoint_Tel,VIEW
SMI_SandBox,dbo,View_touchpoints_ontwikkeling,VIEW
SMI_SandBox,dbo,View_TouchpointsAfspraken_Alle,VIEW
SMI_SandBox,pbi,View_TouchpointsBO,VIEW
SMI_SandBox,pbi,View_TouchpointsDoelgroepBO,VIEW
SMI_SandBox,pbi,View_TouchpointsDoelgroepPO,VIEW
SMI_SandBox,pbi,View_TouchpointsDoelgroepVO,VIEW
SMI_SandBox,dbo,View_TouchpointsFunnel,VIEW
SMI_SandBox,pbi,View_TouchpointsOntwikkelingBO,VIEW
SMI_SandBox,pbi,View_TouchpointsPO,VIEW
SMI_SandBox,pbi,View_TouchpointsVO,VIEW
SMI_SandBox,dbo,View_TPOntwikkeling,VIEW
SMI_SandBox,dbo,View_Try_CreerDoelgroepData,VIEW
SMI_SandBox,dbo,View_TussenHandel_VDE_ILF,VIEW
SMI_SandBox,dbo,View_TVK,VIEW
SMI_SandBox,dbo,View_TVK_1415,VIEW
SMI_SandBox,dbo,View_TVK_LW,VIEW
SMI_SandBox,dbo,View_TVK_Mixed,VIEW
SMI_SandBox,dbo,View_TVK_Samba,VIEW
SMI_SandBox,dbo,View_TVK_VO_GE_OB,VIEW
SMI_SandBox,dbo,View_TVKTDG,VIEW
SMI_SandBox,dbo,View_TVKTDG_Mixed,VIEW
SMI_SandBox,dbo,View_TVKTDG_VO,VIEW
SMI_SandBox,dbo,View_TVKTDG_VO_NAW_MTH,VIEW
SMI_SandBox,dbo,View_TVKTDG_VO_try,VIEW
SMI_SandBox,dbo,View_TVKTDG_VO_UPLOAD,VIEW
SMI_SandBox,dbo,View_ULO,VIEW
SMI_SandBox,dbo,View_ULO_aanvullingopties,VIEW
SMI_SandBox,dbo,View_UniekeLicentiesPerSchool,VIEW
SMI_SandBox,dbo,View_UPLOAD_VK_VO_FROB,VIEW
SMI_SandBox,dbo,View_UPLOAD_VK_VO_MUTF,VIEW
SMI_SandBox,dbo,View_VDE_JBP,VIEW
SMI_SandBox,dbo,View_VDE_JBP_update,VIEW
SMI_SandBox,dbo,View_VDE_JBP_update_vorig,VIEW
SMI_SandBox,dbo,View_vergelijk_vk_bkl,VIEW
SMI_SandBox,dbo,View_Verlengen_VO_ABO,VIEW
SMI_SandBox,dbo,View_VGLVK,VIEW
SMI_SandBox,dbo,View_VK_byAccount,VIEW
SMI_SandBox,wpr,View_VK_Contacts,VIEW
SMI_SandBox,dbo,View_VK_PO_GEB,VIEW
SMI_SandBox,dbo,View_VKplatform,VIEW
SMI_SandBox,dbo,View_VKplatform_alle,VIEW
SMI_SandBox,dbo,View_VKplatform_BO,VIEW
SMI_SandBox,dbo,View_VKplatform_kerst_excl,VIEW
SMI_SandBox,dbo,View_VKSandbox,VIEW
SMI_SandBox,dbo,View_VKTraining,VIEW
SMI_SandBox,dbo,View_VO_KansenBijwerken,VIEW
SMI_SandBox,dbo,View_VO_NieuweKansen,VIEW
SMI_SandBox,dbo,View_Voucher_Licentie_Order,VIEW
SMI_SandBox,dbo,View_VoucherActivering,VIEW
SMI_SandBox,dbo,View_VoucherBestellingDocenten,VIEW
SMI_SandBox,dbo,View_Webinar2,VIEW
SMI_SandBox,bkl,VoorlopigeBoekenLijstExamenFonds,VIEW
BI_PRD_SA,dbo,View_AanbestedingsLocaties,VIEW
BI_PRD_SA,dbo,View_CRMBusinessFunction,VIEW
BI_PRD_SA,dbo,View_LicentiesActueel2,VIEW
BI_PRD_SA,dbo,View_LicentiesActueel2_BepaaldeSchool,VIEW
BI_PRD_SA,dbo,View_OrderRegelStatus,VIEW
BI_PRD_SA,dbo,View_reStage,VIEW
BI_PRD_SA,dbo,View_ScribeOnline,VIEW
BI_PRD_SA,dbo,View_sectorEstimate,VIEW
LA,dbo,ID_Methods,VIEW
LA,dbo,ID_Streams,VIEW
LA,rls,Security,VIEW
LA,ds,tps_ecklicenties,VIEW
LA,ds,tps_orderbalans,VIEW
LA,ds,tps_tlinklicenties_expired,VIEW
LA,dbo,View_ActiveLicenties,VIEW
LA,dbo,View_ActiveringsPercentagePO,VIEW
LA,dbo,View_AvailableLicenties,VIEW
LA,dbo,View_Besteld_Geactiveerd,VIEW
LA,dbo,View_check_tlinks_SVOPL,VIEW
LA,dbo,View_CheckAccounts,VIEW
LA,dbo,View_CheckEckLicense,VIEW
LA,dbo,View_CheckTlinksHist_TM,VIEW
LA,dbo,View_CompareTraffic,VIEW
LA,dbo,View_D00_Orders,VIEW
LA,dbo,View_D01_Specificaties,VIEW
LA,dbo,View_D02_Activaties,VIEW
LA,dbo,View_D04_Tlinks_Available_2021,VIEW
LA,dbo,View_D04_Tlinks_Available_DirectUitleveren,VIEW
LA,dbo,View_D04_Tlinks_Available_DirectUitleveren_2021,VIEW
LA,dbo,View_D05_Tlinks_Active_2021,VIEW
LA,dbo,View_D05_Tlinks_Active_DirectUitleveren,VIEW
LA,dbo,View_D05_Tlinks_Active_DirectUitleveren_2021,VIEW
LA,dbo,View_D05_Tlinks_Active_DirectUitleveren_check,VIEW
LA,dbo,View_DA00_Orders,VIEW
LA,dbo,View_DA01_Specificaties,VIEW
LA,dbo,View_DA02_Activaties,VIEW
LA,dbo,View_DA03_Service,VIEW
LA,dbo,View_DigiDelivery_relatieAllCheck,VIEW
LA,dbo,View_Digidelivery_relatieCheck_data,VIEW
LA,ref,View_DigiDelivery_RelatieLocatie_All_oud,VIEW
LA,dbo,View_DimContentReference,VIEW
LA,dbo,View_DimLeerjaar,VIEW
LA,dbo,View_DistributieReferenceIDs,VIEW
LA,dbo,View_DistributorBalance,VIEW
LA,dbo,View_DocentLicentieActiveringen,VIEW
LA,dbo,View_DocentLicentieActiveringen_2021,VIEW
LA,dbo,View_DocentLicentieActiveringen_oud,VIEW
LA,dbo,View_DoorEngels,VIEW
LA,dbo,View_EOB_MSP_UID_LastVisit,VIEW
LA,dbo,View_EOB_RefUID,VIEW
LA,dbo,View_EOB_UID,VIEW
LA,dbo,View_Extentie_Account,VIEW
LA,dbo,View_Frequentie1,VIEW
LA,dbo,View_GA_UsageChapter,VIEW
LA,dbo,View_GA_UsageExercise,VIEW
LA,dbo,View_GA_UsageItem,VIEW
LA,dbo,View_GA_UsageParagraph,VIEW
LA,dbo,View_Gebruik_Edition_nu,VIEW
LA,dbo,View_Gebruik_MSP,VIEW
LA,dbo,View_Gebruik_MSP_NI,VIEW
LA,dbo,View_Gebruik_MSP_nu,VIEW
LA,dbo,View_Gebruik_MSP_tijd,VIEW
LA,dbo,View_GroeiStatContent_LastWK,VIEW
LA,dbo,View_GroeiStatMethode_LastWK,VIEW
LA,dbo,View_GroeiStats_UUE_Content_Account_CRMAccount,VIEW
LA,rls,View_GroeiStats_UUE_Content_Account_CRMAccount,VIEW
LA,rls,View_GroeiStats_UUE_Content_Account_CRMAccount_last,VIEW
LA,dbo,View_GroeiStats_UUE_Content_Account_CRMAccount_last_oud,VIEW
LA,dbo,View_GroeiStats_UUE_content_Account_Meting_weekbasis,VIEW
LA,rls,View_GroeiStats_UUE_Methode_Account_CRMAccount,VIEW
LA,dbo,View_GroeiStats_UUE_Methode_Account_CRMAccount,VIEW
LA,rls,View_GroeiStats_UUE_Methode_Account_CRMAccount_last,VIEW
LA,dbo,View_GroeiStats_UUE_Methode_Account_CRMAccount_last_oud,VIEW
LA,dbo,View_GroeiStats_UUE_Methode_Account_Meting_vorig,VIEW
LA,dbo,View_GroeiStats_UUE_Methode_Account_Meting_weekbasis,VIEW
LA,dbo,View_Groups,VIEW
LA,dbo,View_LBLJslot,VIEW
LA,dbo,View_LeerJaarArtikel,VIEW
LA,dbo,View_LeerJaarContent,VIEW
LA,dbo,View_Licenties_Gebruikt_ZW,VIEW
LA,dbo,View_Mailing_Details,VIEW
LA,dbo,View_Mailings,VIEW
LA,dbo,View_MatchCPI,VIEW
LA,dbo,View_MigratieData,VIEW
LA,dbo,View_Organisation,VIEW
LA,dbo,View_PlatFormSchoolniveau,VIEW
LA,dbo,View_priceTopicus,VIEW
LA,dbo,View_Quadraam,VIEW
LA,dbo,View_RelatieHierachy_Reporting,VIEW
LA,rls,View_RelatieHierarchie_FAKE,VIEW
LA,rls,View_RelatieHierarchie_versie2,VIEW
LA,dbo,View_RelNr_DA01_Specificaties,VIEW
LA,dbo,View_Reporting,VIEW
LA,dbo,View_Schooljaar,VIEW
LA,dbo,View_ServiceTegoed_Context,VIEW
LA,dbo,View_ServiceTegoed_ZusterSpec,VIEW
LA,dbo,View_SpecificatiesDirectLeveren,VIEW
LA,dbo,View_SpecificatiesDirectLeveren_2021,VIEW
LA,dbo,View_Stat2Rel_overview,VIEW
LA,dbo,View_StatisticsRetentie,VIEW
LA,ds,View_Stats,VIEW
LA,ds,View_Stats_Weekly,VIEW
LA,dbo,View_SubSessieContent,VIEW
LA,dbo,View_SubSessieContent_cpi,VIEW
LA,dbo,View_Thiemo_NewBusiness,VIEW
LA,dbo,View_TlinkHist_example,VIEW
LA,dbo,View_TLinks24RW,VIEW
LA,dbo,View_UID_Methode_Ooit_lastwk,VIEW
LA,dbo,View_UpdateTPSOrder,VIEW
LA,dbo,View_UserUsesMethod,VIEW
LA,dbo,View_VOGAccounts_voorbeeld,VIEW
LA,dbo,View_VOGTlinks_voorbeeld,VIEW
LA,dbo,View_Webpower_Afmelden,VIEW
LA,dbo,View_Webpower_Clicks,VIEW
LA,dbo,View_Webpower_Clicks_TP,VIEW
LA,dbo,View_Webpower_Clicks_TP2,VIEW
LA,dbo,View_Webpower_Clicks2,VIEW
LA,dbo,View_Webpower_ClickSelect_zoek,VIEW
LA,dbo,View_Webpower_ClicksSelect,VIEW
LA,dbo,View_Webpower_Open,VIEW
LA,dbo,View_Webpower_Open_TP,VIEW
LA,dbo,View_Webpower_Open_TP2,VIEW
LA,dbo,View_Webpower_Sent,VIEW
LA,dbo,View_Webpower_Softbounce,VIEW
LA,dbo,View_Webpower_Spam_complaint,VIEW
LA,dbo,View_Webpower_TabelMailings,VIEW
LA,ds,vw_TPD_Duo_Rel,VIEW
LA,ds,vw_tps_lic_alle_LIFO,VIEW
LA,ds,vw_tps_lic_profile_breed,VIEW
LA,ds,vw_tps_lic_relnr,VIEW
LA,rls,vw_tps_lic_relnr,VIEW
LA,ds,vw_tps_lic_relnr_doc_allelics,VIEW
LA,ds,vw_tps_lic_relnr_obv_DuoHierachie,VIEW
LA,ds,vw_tps_lic_relnr_obv_RelHierarchie,VIEW
LA,ds,vw_tps_lic_relnr_tbv_allelics,VIEW
LA,rls,vw_tps_lic_relnr_Totalen,VIEW
LA,ds,vw_tps_missing_relatieNummers,VIEW
LA,ds,vw_tps_Statistics,VIEW
LA,ds,vw_tps_Statistics_01,VIEW
LA,ds,vw_tps_Statistics_02,VIEW
LA,ds,vw_tps_Statistics_03,VIEW
LA,ds,vw_tps_Statistics_Brin,VIEW
LA,ds,vw_tps_Statistics_DigiDelivery,VIEW
LA,ds,vw_tps_Statistics_DigiDelivery_2021,VIEW
LA,ds,vw_tps_Statistics_DigiDelivery_dagelijks,VIEW
LA,ds,vw_tps_Statistics_DigiDelivery_test,VIEW
thas_Groupservices,dbo,View_Users,VIEW
thas_Thip,dbo,View_MethodeContent,VIEW
thas_Thip,dbo,View_MethodeCourses,VIEW
thas_Gebruik,dbo,View_DauPerStreamWithContent,VIEW
thas_Gebruik,dbo,View_DauPerStreamWithContent_scope,VIEW
thas_Gebruik,dbo,View_DigitalResources,VIEW
thas_Gebruik,dbo,View_DigitalResources_chapter,VIEW
thas_Gebruik,dbo,View_DimDatum,VIEW
thas_Gebruik,dbo,View_KlasGebruik,VIEW
thas_Gebruik,dbo,View_Maand,VIEW
thas_Gebruik,dbo,View_Mau_Stream_Brin_PO,VIEW
thas_Gebruik,dbo,View_MauDate,VIEW
thas_Gebruik,dbo,View_MauPAAC,VIEW
thas_Gebruik,dbo,View_MauPAAC_Depth6,VIEW
thas_Gebruik,dbo,View_MauWiCo,VIEW
thas_Gebruik,dbo,View_MauWiCoDepth1,VIEW
thas_Gebruik,dbo,View_MauWiCoDepth2,VIEW
thas_Gebruik,dbo,View_MauWiCoDepth3,VIEW
thas_Gebruik,dbo,View_MauWiCoDepth5,VIEW
thas_Gebruik,dbo,View_MauWiCoDepth6,VIEW
thas_Gebruik,dbo,View_Method,VIEW
thas_Gebruik,dbo,View_Method_select,VIEW
thas_Gebruik,dbo,View_MethodeContentDepth1,VIEW
thas_Gebruik,dbo,View_MethodeContentDepth2,VIEW
thas_Gebruik,dbo,View_MethodeContentDepth3,VIEW
thas_Gebruik,dbo,View_MethodeContentDepth4,VIEW
thas_Gebruik,dbo,View_MethodeContentDepth5,VIEW
thas_Gebruik,dbo,View_MethodeContentDepth6,VIEW
thas_Gebruik,dbo,View_RollupMethod,VIEW
thas_Gebruik,dbo,View_Scope_dau_per_method,VIEW
thas_Gebruik,dbo,View_Scope_dau_per_stream,VIEW
thas_Gebruik,dbo,View_Scope_MethodeCourse,VIEW
thas_Gebruik,dbo,View_Scope_wau_per_method,VIEW
thas_Gebruik,dbo,View_Scope_wau_per_stream,VIEW
thas_Gebruik,dbo,View_Scope_WauPerStreamWithContent,VIEW
thas_Gebruik,dbo,View_StatisticsPerQuestionID,VIEW
thas_Gebruik,dbo,View_test_mau_freq,VIEW
thas_Gebruik,dbo,View_TestLandstede,VIEW
thas_Gebruik,dbo,View_UsageGroup,VIEW
thas_Gebruik,dbo,View_UsersMethod,VIEW
thas_Gebruik,dbo,View_WauPerStreamWithContent,VIEW
thas_Gebruik,dbo,View_WauWiCo,VIEW